key,value
8291,8291
8884,8884
2546,2546
6761,6761
4809,4809
4048,4048
2195,2195
6280,6280
2957,2957
4606,4606
8871,8871
7651,7651
8612,8612
551,551
9443,9443
1868,1868
7605,7605
2461,2461
8806,8806
1719,1719
1921,1921
6800,6800
2069,2069
4083,4083
786,786
1642,1642
2649,2649
6511,6511
1129,1129
7157,7157
4852,4852
3042,3042
3334,3334
1525,1525
1946,1946
5085,5085
5806,5806
2699,2699
7246,7246
113,113
3328,3328
4876,4876
4115,4115
1273,1273
757,757
6065,6065
7011,7011
5054,5054
4678,4678
3136,3136
5349,5349
4983,4983
7026,7026
860,860
9961,9961
4107,4107
5219,5219
5475,5475
5362,5362
7336,7336
8879,8879
2502,2502
2408,2408
9143,9143
9463,9463
6845,6845
7757,7757
5247,5247
694,694
491,491
8200,8200
5380,5380
4887,4887
7917,7917
7616,7616
5445,5445
5650,5650
6424,6424
1402,1402
4249,4249
2745,2745
3316,3316
6605,6605
9003,9003
5689,5689
4796,4796
8918,8918
5673,5673
6357,6357
4433,4433
7871,7871
2412,2412
9634,9634
3419,3419
6552,6552
33,33
3097,3097
8936,8936
2175,2175
6215,6215
3965,3965
559,559
732,732
3755,3755
6895,6895
1771,1771
4573,4573
4640,4640
2416,2416
7854,7854
2900,2900
828,828
5291,5291
5029,5029
3683,3683
5037,5037
8135,8135
7939,7939
7468,7468
9905,9905
4890,4890
3062,3062
7176,7176
2883,2883
1726,1726
5232,5232
2571,2571
1,1
7344,7344
6866,6866
2948,2948
6433,6433
8129,8129
9037,9037
27,27
9358,9358
2527,2527
7942,7942
2674,2674
8482,8482
3417,3417
8847,8847
8034,8034
42,42
8184,8184
4371,4371
6033,6033
1653,1653
8285,8285
1351,1351
510,510
1695,1695
7076,7076
9572,9572
1611,1611
4643,4643
1258,1258
7118,7118
7712,7712
3739,3739
6663,6663
3180,3180
7434,7434
9746,9746
487,487
1847,1847
7949,7949
3104,3104
7414,7414
6348,6348
6441,6441
5677,5677
1886,1886
6654,6654
6878,6878
6150,6150
2523,2523
1701,1701
1707,1707
764,764
232,232
3069,3069
7797,7797
4223,4223
6953,6953
6995,6995
504,504
2499,2499
8805,8805
6525,6525
9866,9866
867,867
9762,9762
6353,6353
3021,3021
4325,4325
2286,2286
64,64
9461,9461
9604,9604
1499,1499
8793,8793
9767,9767
1635,1635
643,643
2432,2432
4322,4322
4826,4826
4011,4011
6547,6547
7859,7859
913,913
1037,1037
9977,9977
3044,3044
8204,8204
1221,1221
8224,8224
6584,6584
5488,5488
5063,5063
3724,3724
1489,1489
8489,8489
8774,8774
8531,8531
7907,7907
9219,9219
2735,2735
5528,5528
134,134
2652,2652
3230,3230
1138,1138
290,290
4446,4446
3748,3748
8593,8593
7256,7256
979,979
9484,9484
8076,8076
8225,8225
1128,1128
2514,2514
2465,2465
2267,2267
9427,9427
6933,6933
5137,5137
3072,3072
6051,6051
5192,5192
7080,7080
5871,5871
3644,3644
5390,5390
79,79
3971,3971
95,95
9939,9939
5280,5280
5224,5224
3911,3911
7092,7092
6238,6238
2832,2832
7517,7517
6570,6570
6315,6315
8448,8448
598,598
1419,1419
9236,9236
4595,4595
5863,5863
376,376
3747,3747
6032,6032
3837,3837
2769,2769
647,647
957,957
655,655
9935,9935
6587,6587
8327,8327
5370,5370
5585,5585
1292,1292
9182,9182
3921,3921
5218,5218
9787,9787
8353,8353
1057,1057
3487,3487
5996,5996
0,0
3636,3636
799,799
4638,4638
606,606
3382,3382
3816,3816
5824,5824
7772,7772
1817,1817
5298,5298
6599,6599
4956,4956
4858,4858
6239,6239
7410,7410
9034,9034
1437,1437
7125,7125
3514,3514
2238,2238
9628,9628
2899,2899
4197,4197
9765,9765
2496,2496
9137,9137
7777,7777
9353,9353
6403,6403
296,296
4664,4664
835,835
1415,1415
7453,7453
2539,2539
5208,5208
4311,4311
6667,6667
4863,4863
7647,7647
1177,1177
1777,1777
7535,7535
6685,6685
1801,1801
3381,3381
4348,4348
6122,6122
7978,7978
5113,5113
1444,1444
3342,3342
2060,2060
379,379
596,596
6446,6446
6443,6443
5405,5405
5040,5040
8374,8374
5687,5687
6624,6624
3423,3423
9420,9420
7424,7424
7619,7619
2118,2118
8364,8364
6694,6694
2584,2584
7765,7765
3790,3790
5595,5595
3898,3898
7995,7995
2295,2295
162,162
6766,6766
4243,4243
9437,9437
407,407
8211,8211
9873,9873
4591,4591
6972,6972
6192,6192
6879,6879
9047,9047
177,177
9485,9485
8663,8663
7164,7164
6197,6197
766,766
4528,4528
4293,4293
2403,2403
1884,1884
2173,2173
614,614
7909,7909
4984,4984
3878,3878
8840,8840
2925,2925
124,124
9183,9183
9611,9611
2973,2973
4465,4465
6593,6593
3623,3623
9522,9522
7247,7247
9932,9932
574,574
2762,2762
7661,7661
8977,8977
8834,8834
7471,7471
6564,6564
3880,3880
1087,1087
3846,3846
1260,1260
6037,6037
2604,2604
2962,2962
1207,1207
2936,2936
6750,6750
4023,4023
9635,9635
5201,5201
6569,6569
1185,1185
8223,8223
8414,8414
5346,5346
7498,7498
3269,3269
5363,5363
5153,5153
5420,5420
8837,8837
4179,4179
8335,8335
9267,9267
6466,6466
7056,7056
811,811
9561,9561
915,915
8604,8604
2521,2521
9012,9012
9703,9703
1160,1160
9253,9253
6448,6448
1333,1333
5205,5205
1025,1025
8360,8360
7652,7652
784,784
902,902
3290,3290
8116,8116
5221,5221
3856,3856
2613,2613
3586,3586
826,826
9100,9100
6289,6289
6495,6495
5067,5067
7100,7100
5056,5056
3874,3874
3536,3536
8878,8878
3102,3102
1731,1731
6006,6006
8745,8745
2129,2129
7634,7634
9306,9306
2490,2490
2933,2933
9220,9220
3279,3279
4923,4923
5446,5446
909,909
3578,3578
9650,9650
9327,9327
6720,6720
7017,7017
7439,7439
1757,1757
8955,8955
1189,1189
4869,4869
5514,5514
1560,1560
8649,8649
408,408
1481,1481
3123,3123
2491,2491
3551,3551
7043,7043
4790,4790
8462,8462
3885,3885
2020,2020
3704,3704
3737,3737
8049,8049
2658,2658
9598,9598
9194,9194
1152,1152
4537,4537
3014,3014
3900,3900
3991,3991
2218,2218
9059,9059
6450,6450
9946,9946
2334,2334
8090,8090
7447,7447
9385,9385
8218,8218
6494,6494
1380,1380
1874,1874
4110,4110
7983,7983
3006,3006
2753,2753
503,503
3210,3210
1342,1342
2148,2148
9524,9524
812,812
8091,8091
3253,3253
9999,9999
6537,6537
737,737
194,194
1663,1663
7449,7449
9793,9793
8085,8085
2251,2251
6633,6633
7731,7731
7584,7584
7688,7688
1533,1533
988,988
9312,9312
1276,1276
758,758
2672,2672
7636,7636
2018,2018
7175,7175
8525,8525
7488,7488
7156,7156
1609,1609
8555,8555
3572,3572
8035,8035
3362,3362
6695,6695
2560,2560
2538,2538
2599,2599
2717,2717
1589,1589
5555,5555
5200,5200
7115,7115
3054,3054
6309,6309
4079,4079
6925,6925
6507,6507
5622,5622
4535,4535
3875,3875
3498,3498
3233,3233
9016,9016
4661,4661
6869,6869
3899,3899
756,756
7312,7312
3095,3095
8609,8609
7406,7406
7998,7998
2642,2642
3065,3065
2691,2691
5900,5900
141,141
5149,5149
8675,8675
1449,1449
3056,3056
2526,2526
5399,5399
3076,3076
5981,5981
8559,8559
2698,2698
5820,5820
9088,9088
2229,2229
2132,2132
9232,9232
5212,5212
3815,3815
4091,4091
8981,8981
2146,2146
6416,6416
4761,4761
2152,2152
5949,5949
1890,1890
9239,9239
2143,2143
7152,7152
8241,8241
8617,8617
2909,2909
2014,2014
8340,8340
6270,6270
2249,2249
8325,8325
6899,6899
7759,7759
6091,6091
4723,4723
594,594
2371,2371
1255,1255
9040,9040
3039,3039
7506,7506
132,132
9141,9141
8688,8688
98,98
7813,7813
2641,2641
9062,9062
5608,5608
3482,3482
1014,1014
426,426
9761,9761
5006,5006
2094,2094
6558,6558
4469,4469
3653,3653
986,986
3915,3915
7400,7400
3784,3784
8659,8659
2237,2237
9945,9945
9642,9642
8778,8778
2836,2836
8689,8689
5735,5735
4752,4752
4231,4231
7110,7110
8581,8581
9785,9785
2112,2112
7127,7127
8965,8965
5172,5172
69,69
4845,4845
3836,3836
8104,8104
9428,9428
6621,6621
9348,9348
2958,2958
1957,1957
7717,7717
8748,8748
5632,5632
4529,4529
4401,4401
9525,9525
803,803
9116,9116
899,899
3143,3143
6877,6877
2946,2946
7369,7369
3955,3955
1647,1647
8055,8055
5708,5708
3359,3359
2194,2194
4935,4935
5737,5737
7865,7865
4868,4868
4657,4657
2406,2406
3710,3710
5984,5984
454,454
5175,5175
3114,3114
1111,1111
4192,4192
1353,1353
1640,1640
6782,6782
4128,4128
248,248
4600,4600
7141,7141
483,483
9102,9102
8973,8973
7705,7705
2708,2708
7045,7045
5111,5111
973,973
2034,2034
8841,8841
2384,2384
5254,5254
3494,3494
1420,1420
5393,5393
7371,7371
5479,5479
9778,9778
2562,2562
8196,8196
9948,9948
2737,2737
8623,8623
1838,1838
4966,4966
6003,6003
7553,7553
6018,6018
4644,4644
3922,3922
4684,4684
5964,5964
7902,7902
7027,7027
9332,9332
4420,4420
4897,4897
8561,8561
482,482
1447,1447
9536,9536
143,143
864,864
4867,4867
2344,2344
2792,2792
4952,4952
4751,4751
2575,2575
630,630
4477,4477
9613,9613
4961,4961
5954,5954
477,477
6793,6793
7330,7330
9739,9739
1107,1107
1873,1873
8922,8922
4267,4267
2178,2178
7761,7761
6625,6625
2376,2376
3666,3666
963,963
5443,5443
4650,4650
8713,8713
8573,8573
1943,1943
5099,5099
2901,2901
8333,8333
4703,4703
1302,1302
5421,5421
2868,2868
1795,1795
5468,5468
3183,3183
889,889
1831,1831
8664,8664
7109,7109
7690,7690
8921,8921
1250,1250
9841,9841
7265,7265
6532,6532
6769,6769
9226,9226
6047,6047
4617,4617
4618,4618
533,533
9796,9796
5324,5324
9275,9275
7648,7648
9419,9419
5284,5284
6114,6114
4138,4138
1145,1145
449,449
9806,9806
8611,8611
7435,7435
7512,7512
3528,3528
6331,6331
1186,1186
600,600
1026,1026
9725,9725
8648,8648
3205,3205
8971,8971
2776,2776
2715,2715
9700,9700
3884,3884
462,462
718,718
5107,5107
9687,9687
8439,8439
7721,7721
980,980
3822,3822
2042,2042
9836,9836
6291,6291
5378,5378
6650,6650
9242,9242
5123,5123
1098,1098
2803,2803
8341,8341
4668,4668
6541,6541
3696,3696
1097,1097
2531,2531
2507,2507
4635,4635
8979,8979
5230,5230
5627,5627
6608,6608
3068,3068
6668,6668
3587,3587
3562,3562
9276,9276
1375,1375
4705,4705
1764,1764
1078,1078
9152,9152
3539,3539
4576,4576
7112,7112
3408,3408
3220,3220
3252,3252
2645,2645
9087,9087
8769,8769
6753,6753
4589,4589
159,159
6481,6481
185,185
9138,9138
3543,3543
6087,6087
2458,2458
9735,9735
719,719
6438,6438
7131,7131
3527,3527
4536,4536
2537,2537
6971,6971
9816,9816
6548,6548
7525,7525
4905,4905
8450,8450
1840,1840
8826,8826
9888,9888
843,843
2743,2743
4281,4281
6377,6377
4022,4022
4027,4027
3842,3842
5756,5756
953,953
4651,4651
8217,8217
8665,8665
6019,6019
5127,5127
3386,3386
412,412
4419,4419
8472,8472
7149,7149
1997,1997
9962,9962
109,109
4926,4926
9499,9499
4820,4820
3571,3571
4020,4020
2273,2273
4464,4464
6301,6301
4252,4252
9697,9697
8972,8972
8401,8401
5347,5347
8290,8290
1684,1684
8943,8943
8725,8725
8269,8269
5686,5686
7277,7277
2845,2845
977,977
2662,2662
1020,1020
4062,4062
6155,6155
8516,8516
1133,1133
1463,1463
2434,2434
8872,8872
684,684
2989,2989
6005,6005
8324,8324
3974,3974
939,939
4743,4743
8686,8686
651,651
90,90
930,930
7583,7583
2910,2910
6563,6563
9712,9712
3877,3877
6865,6865
8653,8653
5794,5794
1291,1291
5470,5470
6603,6603
7626,7626
6408,6408
2330,2330
8666,8666
9445,9445
4544,4544
7692,7692
7770,7770
6632,6632
373,373
8451,8451
5287,5287
8229,8229
8768,8768
7370,7370
2380,2380
391,391
2770,2770
969,969
6559,6559
4423,4423
3353,3353
4973,4973
814,814
3395,3395
2644,2644
9014,9014
8141,8141
8870,8870
2000,2000
9837,9837
8054,8054
7106,7106
8326,8326
685,685
6232,6232
2763,2763
3959,3959
1280,1280
5025,5025
1978,1978
3995,3995
9910,9910
448,448
56,56
8658,8658
617,617
108,108
6773,6773
4412,4412
3304,3304
7544,7544
7443,7443
8443,8443
8530,8530
6715,6715
8423,8423
6784,6784
3388,3388
9514,9514
1327,1327
9072,9072
1329,1329
2445,2445
1203,1203
5754,5754
1393,1393
4036,4036
3768,3768
865,865
2222,2222
5864,5864
2727,2727
5239,5239
1100,1100
5269,5269
8174,8174
7812,7812
5792,5792
4063,4063
404,404
8948,8948
3689,3689
4624,4624
1540,1540
4327,4327
5770,5770
6626,6626
7516,7516
7874,7874
5108,5108
2864,2864
1085,1085
1905,1905
2228,2228
7208,7208
2257,2257
5171,5171
3708,3708
2773,2773
246,246
1615,1615
3659,3659
6292,6292
6530,6530
9518,9518
1259,1259
2256,2256
6528,6528
965,965
6676,6676
6326,6326
5021,5021
5661,5661
5713,5713
678,678
8083,8083
8863,8863
4450,4450
4418,4418
9261,9261
3324,3324
9279,9279
4881,4881
7669,7669
6709,6709
7960,7960
3945,3945
7396,7396
3146,3146
1823,1823
1168,1168
137,137
2130,2130
696,696
2576,2576
5736,5736
1159,1159
967,967
7142,7142
5860,5860
2664,2664
9980,9980
9926,9926
8050,8050
4559,4559
5122,5122
2170,2170
6025,6025
9126,9126
6468,6468
7807,7807
7534,7534
7261,7261
6999,6999
3702,3702
7982,7982
7393,7393
43,43
2202,2202
357,357
7937,7937
9988,9988
196,196
6642,6642
9801,9801
9919,9919
6952,6952
2037,2037
3978,3978
5089,5089
9201,9201
3866,3866
9509,9509
9622,9622
8619,8619
7170,7170
6964,6964
6035,6035
65,65
9112,9112
461,461
3331,3331
8136,8136
3053,3053
2046,2046
6936,6936
8545,8545
5801,5801
1656,1656
9482,9482
5763,5763
566,566
7767,7767
4759,4759
1564,1564
4429,4429
1232,1232
6556,6556
5364,5364
3890,3890
1284,1284
8810,8810
9675,9675
6585,6585
301,301
4046,4046
2838,2838
9549,9549
7963,7963
796,796
5778,5778
2878,2878
791,791
3397,3397
3391,3391
4851,4851
6886,6886
4884,4884
5195,5195
5576,5576
1456,1456
1989,1989
1109,1109
3297,3297
4687,4687
2066,2066
8975,8975
3820,3820
667,667
4315,4315
7858,7858
5183,5183
1683,1683
9570,9570
8906,8906
5388,5388
2808,2808
7244,7244
146,146
9516,9516
9493,9493
7869,7869
7758,7758
3052,3052
7769,7769
2610,2610
1676,1676
3997,3997
428,428
5664,5664
6203,6203
6722,6722
4059,4059
9293,9293
4886,4886
474,474
1559,1559
6081,6081
470,470
5690,5690
8553,8553
1071,1071
2494,2494
2299,2299
12,12
9397,9397
1103,1103
2835,2835
7835,7835
5342,5342
4818,4818
278,278
3803,3803
7778,7778
1841,1841
9158,9158
7455,7455
3829,3829
6298,6298
3744,3744
8731,8731
8214,8214
8859,8859
8277,8277
9073,9073
780,780
5908,5908
2581,2581
7737,7737
7938,7938
9119,9119
30,30
2998,2998
9707,9707
9608,9608
9553,9553
8953,8953
3852,3852
9781,9781
4415,4415
5601,5601
904,904
197,197
3225,3225
2378,2378
1494,1494
6160,6160
8560,8560
3863,3863
4912,4912
2681,2681
6296,6296
3383,3383
8869,8869
8366,8366
1317,1317
2984,2984
1737,1737
6129,6129
5587,5587
8410,8410
2321,2321
624,624
5069,5069
6318,6318
1033,1033
7429,7429
7899,7899
6471,6471
7227,7227
4671,4671
2185,2185
2457,2457
8036,8036
4398,4398
8128,8128
7981,7981
8652,8652
3283,3283
1224,1224
4976,4976
198,198
247,247
822,822
956,956
9308,9308
1651,1651
4253,4253
6535,6535
8994,8994
5455,5455
4094,4094
1401,1401
8574,8574
2367,2367
2655,2655
5317,5317
1861,1861
9404,9404
6083,6083
7309,7309
7747,7747
6755,6755
8638,8638
213,213
2688,2688
1833,1833
3785,3785
9113,9113
8159,8159
601,601
5982,5982
4679,4679
1051,1051
5243,5243
5463,5463
4118,4118
5644,5644
5182,5182
1579,1579
2184,2184
9117,9117
7508,7508
2476,2476
4137,4137
7492,7492
9678,9678
4427,4427
7808,7808
4245,4245
4893,4893
1973,1973
5222,5222
8995,8995
3952,3952
1162,1162
6242,6242
9595,9595
3923,3923
7219,7219
7573,7573
6335,6335
9042,9042
3637,3637
5416,5416
1355,1355
8740,8740
8138,8138
1346,1346
3651,3651
1913,1913
5505,5505
3139,3139
6116,6116
4947,4947
8147,8147
9470,9470
7883,7883
7805,7805
6456,6456
4735,4735
8031,8031
6954,6954
466,466
4362,4362
8784,8784
1952,1952
3173,3173
8985,8985
6045,6045
8599,8599
641,641
6277,6277
1130,1130
4970,4970
8386,8386
8377,8377
7023,7023
5019,5019
1326,1326
9592,9592
2741,2741
9579,9579
4010,4010
9709,9709
3015,3015
6166,6166
8183,8183
9237,9237
337,337
1877,1877
8182,8182
3765,3765
9288,9288
3000,3000
6399,6399
4224,4224
1770,1770
4480,4480
3121,3121
5566,5566
1641,1641
8342,8342
9480,9480
3223,3223
3329,3329
7602,7602
8257,8257
2870,2870
4915,4915
3105,3105
8018,8018
7201,7201
3705,3705
6477,6477
2798,2798
3115,3115
3614,3614
8256,8256
7257,7257
76,76
7392,7392
6086,6086
420,420
3413,3413
9607,9607
293,293
7243,7243
6508,6508
544,544
3477,3477
1706,1706
5596,5596
2314,2314
7295,7295
9812,9812
9121,9121
8693,8693
537,537
8481,8481
5898,5898
70,70
8334,8334
621,621
5779,5779
7387,7387
9621,9621
7531,7531
8676,8676
6844,6844
1182,1182
2528,2528
9854,9854
7659,7659
2475,2475
2373,2373
2819,2819
5747,5747
3939,3939
5573,5573
7181,7181
6499,6499
4185,4185
5805,5805
3305,3305
9627,9627
8305,8305
9565,9565
3538,3538
1358,1358
3295,3295
3642,3642
6425,6425
3023,3023
3909,3909
1433,1433
8233,8233
7601,7601
920,920
4475,4475
8542,8542
701,701
8927,8927
9444,9444
9317,9317
6872,6872
6973,6973
3977,3977
7098,7098
5599,5599
2563,2563
5116,5116
962,962
6299,6299
6515,6515
4459,4459
7829,7829
2244,2244
5155,5155
7060,7060
1787,1787
6004,6004
4781,4781
1710,1710
2505,2505
9369,9369
2954,2954
3985,3985
8390,8390
2422,2422
2660,2660
7630,7630
2685,2685
8959,8959
8986,8986
750,750
589,589
5242,5242
2970,2970
8071,8071
6094,6094
5053,5053
896,896
8700,8700
2976,2976
4773,4773
5060,5060
3299,3299
2887,2887
4522,4522
4413,4413
58,58
3242,3242
536,536
5681,5681
5629,5629
3867,3867
4612,4612
5461,5461
4807,4807
9101,9101
644,644
4509,4509
340,340
8750,8750
3949,3949
2758,2758
6622,6622
946,946
1174,1174
5294,5294
6868,6868
847,847
61,61
7182,7182
3886,3886
9979,9979
8195,8195
3257,3257
3734,3734
3228,3228
5020,5020
5326,5326
4334,4334
1876,1876
1552,1552
5813,5813
1074,1074
8815,8815
9406,9406
4558,4558
219,219
9046,9046
4171,4171
7496,7496
7421,7421
993,993
519,519
7158,7158
3628,3628
9677,9677
8819,8819
652,652
1904,1904
7645,7645
3361,3361
437,437
4936,4936
4663,4663
529,529
2858,2858
6407,6407
8007,8007
2169,2169
7248,7248
8532,8532
6452,6452
2603,2603
6076,6076
3888,3888
5891,5891
9691,9691
5140,5140
3606,3606
3648,3648
8566,8566
1981,1981
1671,1671
8408,8408
5176,5176
6644,6644
6363,6363
39,39
6827,6827
3715,3715
9170,9170
3030,3030
5381,5381
668,668
4861,4861
5236,5236
2981,2981
1607,1607
2492,2492
4242,4242
3913,3913
4119,4119
9544,9544
8824,8824
7609,7609
3047,3047
8385,8385
6388,6388
4673,4673
6846,6846
9395,9395
8169,8169
5967,5967
5583,5583
9208,9208
8891,8891
6492,6492
5931,5931
2110,2110
3950,3950
5406,5406
4323,4323
1761,1761
9123,9123
4568,4568
3195,3195
7091,7091
4787,4787
8865,8865
1827,1827
2861,2861
9782,9782
2478,2478
6439,6439
6243,6243
6833,6833
51,51
1479,1479
1158,1158
9883,9883
1826,1826
9723,9723
5238,5238
7563,7563
8646,8646
7253,7253
6480,6480
5591,5591
2342,2342
4922,4922
7750,7750
1655,1655
4279,4279
7613,7613
2799,2799
3810,3810
4859,4859
9952,9952
7766,7766
2374,2374
5494,5494
5913,5913
7251,7251
5235,5235
8821,8821
8524,8524
7551,7551
5181,5181
6464,6464
5180,5180
9304,9304
8661,8661
6488,6488
2179,2179
8205,8205
9552,9552
6607,6607
5861,5861
9603,9603
3994,3994
5283,5283
3968,3968
338,338
2924,2924
2258,2258
3938,3938
549,549
4426,4426
6683,6683
6794,6794
6974,6974
4532,4532
8005,8005
6220,6220
4299,4299
6395,6395
7904,7904
5750,5750
3943,3943
9843,9843
4264,4264
3524,3524
5059,5059
2320,2320
2928,2928
1614,1614
9273,9273
1730,1730
7440,7440
6955,6955
226,226
3469,3469
1503,1503
3756,3756
1383,1383
1896,1896
9429,9429
4811,4811
3059,3059
2676,2676
7228,7228
2103,2103
3182,3182
6273,6273
1629,1629
7303,7303
7845,7845
8695,8695
582,582
2866,2866
5985,5985
778,778
7426,7426
8671,8671
1938,1938
4602,4602
4161,4161
7680,7680
708,708
1272,1272
8161,8161
2031,2031
2532,2532
6178,6178
1837,1837
736,736
4738,4738
9698,9698
7811,7811
1915,1915
2913,2913
961,961
6898,6898
5332,5332
3224,3224
4363,4363
7284,7284
6837,6837
3964,3964
7172,7172
3741,3741
2917,2917
1610,1610
5309,5309
3936,3936
7104,7104
3622,3622
8855,8855
686,686
9396,9396
4194,4194
6502,6502
4590,4590
286,286
2327,2327
2794,2794
2987,2987
3157,3157
1933,1933
9079,9079
5536,5536
1852,1852
6354,6354
4274,4274
4733,4733
5050,5050
3024,3024
9649,9649
2623,2623
2365,2365
2844,2844
7691,7691
7446,7446
5360,5360
9442,9442
3795,3795
3720,3720
1899,1899
2885,2885
8253,8253
692,692
377,377
8058,8058
266,266
3566,3566
4516,4516
1808,1808
7340,7340
7296,7296
6434,6434
9337,9337
5538,5538
4692,4692
5521,5521
5988,5988
788,788
4698,4698
6760,6760
5187,5187
556,556
3567,3567
4649,4649
4824,4824
6103,6103
2071,2071
6132,6132
9616,9616
1104,1104
9472,9472
8012,8012
8487,8487
4616,4616
3470,3470
4829,4829
9676,9676
7816,7816
9583,9583
3580,3580
5244,5244
9460,9460
1521,1521
135,135
4111,4111
9974,9974
4147,4147
5888,5888
8591,8591
2547,2547
6170,6170
3488,3488
8512,8512
9711,9711
9080,9080
5018,5018
3327,3327
3738,3738
2039,2039
388,388
7276,7276
8303,8303
1850,1850
7322,7322
8133,8133
6286,6286
5316,5316
7475,7475
5028,5028
2508,2508
6133,6133
8293,8293
26,26
4064,4064
818,818
3374,3374
3221,3221
7846,7846
1970,1970
6211,6211
855,855
5851,5851
6030,6030
1366,1366
1809,1809
6266,6266
9757,9757
7587,7587
9297,9297
6531,6531
5848,5848
8845,8845
6591,6591
9193,9193
7946,7946
6660,6660
4203,4203
1282,1282
5012,5012
2107,2107
5031,5031
1530,1530
6158,6158
1674,1674
393,393
7650,7650
2469,2469
1093,1093
9144,9144
63,63
7389,7389
6983,6983
2062,2062
934,934
5524,5524
6855,6855
952,952
8115,8115
6023,6023
4151,4151
5264,5264
92,92
7552,7552
5314,5314
1439,1439
9294,9294
5394,5394
4929,4929
5318,5318
8547,8547
9333,9333
9091,9091
8125,8125
1779,1779
9601,9601
4659,4659
8164,8164
3120,3120
7518,7518
1793,1793
9864,9864
581,581
2880,2880
52,52
6647,6647
7815,7815
303,303
9206,9206
6687,6687
4902,4902
3430,3430
8219,8219
5160,5160
7144,7144
1073,1073
2520,2520
3375,3375
8336,8336
7830,7830
5083,5083
5914,5914
4546,4546
349,349
4896,4896
2967,2967
4697,4697
6732,6732
955,955
2999,2999
7526,7526
2332,2332
2302,2302
9015,9015
9557,9557
3646,3646
4302,4302
2428,2428
9779,9779
8925,8925
4557,4557
9819,9819
5323,5323
1732,1732
9432,9432
1018,1018
4043,4043
3126,3126
7337,7337
5462,5462
7654,7654
304,304
5857,5857
6942,6942
9090,9090
1968,1968
7459,7459
2683,2683
2726,2726
2632,2632
4599,4599
2882,2882
1295,1295
2747,2747
5969,5969
8795,8795
1703,1703
8937,8937
1546,1546
3656,3656
8215,8215
3598,3598
5130,5130
4153,4153
1125,1125
6365,6365
9169,9169
1618,1618
2617,2617
2815,2815
1834,1834
8861,8861
4189,4189
9262,9262
8435,8435
7130,7130
1397,1397
7324,7324
8464,8464
5473,5473
9061,9061
3981,3981
6410,6410
6043,6043
1891,1891
6713,6713
2172,2172
6118,6118
3809,3809
8346,8346
6231,6231
2343,2343
4440,4440
6031,6031
9211,9211
8887,8887
3026,3026
7377,7377
8046,8046
5611,5611
4749,4749
7425,7425
8708,8708
360,360
2771,2771
9416,9416
7191,7191
451,451
9401,9401
5315,5315
3460,3460
1774,1774
9328,9328
3337,3337
725,725
4370,4370
9451,9451
3170,3170
1950,1950
6852,6852
3828,3828
5874,5874
4941,4941
7258,7258
5377,5377
775,775
7300,7300
8311,8311
2427,2427
7670,7670
4660,4660
264,264
5744,5744
5809,5809
7681,7681
2355,2355
1136,1136
9022,9022
4686,4686
9002,9002
7380,7380
908,908
711,711
7713,7713
424,424
6022,6022
7798,7798
9374,9374
7943,7943
976,976
4959,4959
7734,7734
2121,2121
5339,5339
9255,9255
7793,7793
4819,4819
4057,4057
2863,2863
9577,9577
9731,9731
6716,6716
1883,1883
7266,7266
3745,3745
3924,3924
1001,1001
6993,6993
9947,9947
5352,5352
4095,4095
9180,9180
371,371
7886,7886
3472,3472
7930,7930
115,115
2534,2534
1811,1811
2824,2824
7776,7776
5974,5974
7315,7315
9547,9547
7321,7321
4828,4828
1572,1572
1054,1054
2756,2756
6099,6099
4163,4163
7689,7689
2585,2585
1963,1963
2472,2472
1384,1384
8185,8185
4598,4598
4416,4416
3199,3199
5129,5129
8690,8690
5552,5552
4015,4015
9758,9758
3526,3526
369,369
5645,5645
4055,4055
9257,9257
1254,1254
9802,9802
3558,3558
9214,9214
772,772
7727,7727
7040,7040
3485,3485
1704,1704
3078,3078
625,625
7801,7801
7035,7035
1368,1368
1791,1791
2157,2157
1751,1751
5351,5351
3017,3017
4035,4035
2261,2261
9446,9446
9181,9181
8367,8367
2886,2886
7356,7356
3703,3703
5802,5802
1448,1448
5307,5307
8110,8110
6763,6763
8338,8338
6482,6482
1367,1367
8917,8917
6619,6619
7381,7381
8262,8262
3219,3219
4954,4954
1864,1864
8588,8588
1810,1810
7928,7928
1855,1855
702,702
8485,8485
3164,3164
5719,5719
1566,1566
6748,6748
8151,8151
6990,6990
9096,9096
8782,8782
3638,3638
222,222
5358,5358
5518,5518
4564,4564
2088,2088
6835,6835
5710,5710
7221,7221
6375,6375
5559,5559
5383,5383
9295,9295
8721,8721
5569,5569
7662,7662
3678,3678
4042,4042
8564,8564
4318,4318
5384,5384
9643,9643
3140,3140
5369,5369
6959,6959
7686,7686
7178,7178
7831,7831
8140,8140
1134,1134
688,688
7682,7682
1733,1733
8962,8962
7644,7644
8248,8248
9160,9160
4309,4309
8150,8150
3284,3284
6440,6440
1712,1712
872,872
1888,1888
5865,5865
3204,3204
9251,9251
6098,6098
5402,5402
5816,5816
1584,1584
670,670
2425,2425
8093,8093
3291,3291
3282,3282
2751,2751
2985,2985
6336,6336
3260,3260
333,333
9953,9953
5959,5959
1116,1116
5052,5052
8308,8308
367,367
9243,9243
8798,8798
4728,4728
1180,1180
6938,6938
8667,8667
94,94
1813,1813
6358,6358
5870,5870
1373,1373
3285,3285
5490,5490
237,237
5783,5783
1178,1178
509,509
2052,2052
1741,1741
5017,5017
9808,9808
6153,6153
9951,9951
2703,2703
9284,9284
3515,3515
4232,4232
8092,8092
1231,1231
3436,3436
8757,8757
6574,6574
7538,7538
9212,9212
9186,9186
561,561
4565,4565
4716,4716
2209,2209
6167,6167
6684,6684
870,870
2678,2678
9632,9632
22,22
6917,6917
8984,8984
354,354
1451,1451
7038,7038
1350,1350
1042,1042
1371,1371
9715,9715
3399,3399
8683,8683
8767,8767
4514,4514
5603,5603
4560,4560
5431,5431
4849,4849
8632,8632
5213,5213
3595,3595
8107,8107
8788,8788
9818,9818
5047,5047
9659,9659
3489,3489
5296,5296
5635,5635
4715,4715
4914,4914
6445,6445
8238,8238
8790,8790
1307,1307
4298,4298
8077,8077
5975,5975
6475,6475
5933,5933
3292,3292
343,343
7042,7042
6501,6501
7723,7723
8259,8259
5449,5449
1500,1500
9173,9173
8717,8717
6597,6597
858,858
3902,3902
7684,7684
8506,8506
9840,9840
9235,9235
2243,2243
9004,9004
2920,2920
5504,5504
4211,4211
8188,8188
6070,6070
6484,6484
1662,1662
5978,5978
459,459
4080,4080
7032,7032
4949,4949
1918,1918
7039,7039
8355,8355
9511,9511
5734,5734
4957,4957
8613,8613
8520,8520
2696,2696
683,683
7477,7477
3882,3882
6344,6344
3778,3778
9912,9912
3607,3607
8424,8424
2565,2565
5979,5979
5009,5009
7415,7415
9318,9318
7008,7008
2024,2024
6264,6264
292,292
378,378
443,443
7313,7313
675,675
3263,3263
5144,5144
9849,9849
4892,4892
5226,5226
1830,1830
1507,1507
6393,6393
275,275
5895,5895
9855,9855
8094,8094
4382,4382
1007,1007
498,498
2740,2740
4718,4718
3839,3839
7394,7394
7081,7081
172,172
1526,1526
2963,2963
1344,1344
4882,4882
2224,2224
7569,7569
4162,4162
9192,9192
7789,7789
9666,9666
1672,1672
9456,9456
2001,2001
3721,3721
1013,1013
754,754
3554,3554
6554,6554
8710,8710
9927,9927
2140,2140
7546,7546
4742,4742
9558,9558
5553,5553
3812,3812
7908,7908
4275,4275
9805,9805
6329,6329
86,86
687,687
2931,2931
3917,3917
9475,9475
6727,6727
7411,7411
1638,1638
717,717
1220,1220
6578,6578
3207,3207
8656,8656
6219,6219
6620,6620
9532,9532
1576,1576
7318,7318
4235,4235
8916,8916
2595,2595
9370,9370
7703,7703
2473,2473
44,44
2622,2622
8013,8013
6521,6521
5075,5075
3553,3553
3111,3111
5694,5694
3806,3806
5722,5722
5255,5255
7022,7022
3788,3788
2324,2324
9380,9380
773,773
1862,1862
588,588
2535,2535
7479,7479
9878,9878
5489,5489
9043,9043
5340,5340
8181,8181
1962,1962
840,840
4282,4282
8375,8375
741,741
5044,5044
7288,7288
3338,3338
6981,6981
9784,9784
6226,6226
9582,9582
7374,7374
8702,8702
8944,8944
2619,2619
8741,8741
8719,8719
1039,1039
5828,5828
2714,2714
6020,6020
6790,6790
572,572
2012,2012
1756,1756
9987,9987
8299,8299
2834,2834
4333,4333
2895,2895
9278,9278
1631,1631
4904,4904
8156,8156
1794,1794
7820,7820
628,628
2918,2918
8309,8309
6163,6163
6224,6224
2593,2593
2510,2510
55,55
2328,2328
1035,1035
4552,4552
8514,8514
8328,8328
1799,1799
2857,2857
7892,7892
3814,3814
1475,1475
7319,7319
8473,8473
4822,4822
8540,8540
2561,2561
345,345
5330,5330
2309,2309
4184,4184
4409,4409
347,347
2500,2500
3779,3779
5356,5356
4339,4339
5992,5992
8429,8429
255,255
1669,1669
3467,3467
1762,1762
6213,6213
7973,7973
3036,3036
6040,6040
5973,5973
2543,2543
1510,1510
1786,1786
7442,7442
2418,2418
1392,1392
7051,7051
542,542
7480,7480
3559,3559
7293,7293
6216,6216
9191,9191
1929,1929
1816,1816
5500,5500
8350,8350
1522,1522
9740,9740
3868,3868
4411,4411
6831,6831
9625,9625
6461,6461
7665,7665
3517,3517
3627,3627
4244,4244
2083,2083
4096,4096
8149,8149
7416,7416
8283,8283
3412,3412
1347,1347
7814,7814
7726,7726
3377,3377
1041,1041
4534,4534
5903,5903
4384,4384
3983,3983
6730,6730
2420,2420
1911,1911
1300,1300
176,176
3632,3632
4504,4504
4188,4188
8349,8349
4521,4521
3725,3725
1742,1742
4483,4483
4981,4981
576,576
3690,3690
7225,7225
9916,9916
3555,3555
9934,9934
4690,4690
553,553
8857,8857
2701,2701
1263,1263
4541,4541
6638,6638
8835,8835
7617,7617
2569,2569
4603,4603
6803,6803
9210,9210
697,697
7719,7719
3147,3147
2352,2352
1306,1306
7245,7245
3565,3565
59,59
6912,6912
5178,5178
850,850
1212,1212
731,731
7795,7795
5607,5607
7953,7953
8760,8760
3838,3838
148,148
8654,8654
396,396
8446,8446
8008,8008
554,554
3464,3464
9721,9721
9624,9624
2767,2767
8792,8792
4835,4835
7332,7332
8452,8452
1017,1017
6659,6659
1885,1885
6836,6836
733,733
1248,1248
8213,8213
8858,8858
2009,2009
3772,3772
5435,5435
6487,6487
5070,5070
9161,9161
762,762
6851,6851
8508,8508
7388,7388
5784,5784
8804,8804
7530,7530
5833,5833
5091,5091
4069,4069
7116,7116
622,622
7885,7885
1578,1578
8789,8789
1569,1569
4634,4634
521,521
4297,4297
1289,1289
7430,7430
308,308
6610,6610
1996,1996
3453,3453
2816,2816
5943,5943
4428,4428
7730,7730
6823,6823
5024,5024
4230,4230
770,770
9537,9537
5225,5225
8836,8836
2220,2220
661,661
7059,7059
5668,5668
7701,7701
2089,2089
6980,6980
4605,4605
2212,2212
4172,4172
9745,9745
3103,3103
2522,2522
3966,3966
4920,4920
4125,4125
5938,5938
9233,9233
6546,6546
383,383
9559,9559
3777,3777
3929,3929
7571,7571
2078,2078
9302,9302
964,964
7657,7657
7674,7674
8073,8073
4263,4263
5419,5419
6121,6121
7173,7173
9573,9573
5148,5148
6779,6779
7260,7260
7404,7404
1110,1110
9667,9667
6982,6982
8600,8600
6386,6386
3441,3441
9844,9844
781,781
4525,4525
9797,9797
7739,7739
2761,2761
5695,5695
8822,8822
8751,8751
8771,8771
1091,1091
8175,8175
1534,1534
2802,2802
9230,9230
8021,8021
7192,7192
4946,4946
2618,2618
2553,2553
1900,1900
5480,5480
2801,2801
4009,4009
1370,1370
3448,3448
823,823
6640,6640
4056,4056
9405,9405
8607,8607
1992,1992
9301,9301
6398,6398
1386,1386
9018,9018
8634,8634
4933,4933
1275,1275
7078,7078
6351,6351
9415,9415
227,227
3323,3323
8438,8438
2640,2640
3459,3459
6361,6361
5866,5866
57,57
212,212
2047,2047
9882,9882
1536,1536
9001,9001
8951,8951
8932,8932
2372,2372
8630,8630
1469,1469
6085,6085
9342,9342
2661,2661
6496,6496
5550,5550
7557,7557
1789,1789
1843,1843
366,366
5772,5772
4191,4191
9384,9384
2847,2847
363,363
4140,4140
3742,3742
8996,8996
5912,5912
4928,4928
8145,8145
9527,9527
6316,6316
4704,4704
1422,1422
6705,6705
4166,4166
9350,9350
1446,1446
2126,2126
7018,7018
7436,7436
4815,4815
4615,4615
8171,8171
1949,1949
5937,5937
7417,7417
698,698
6575,6575
723,723
6601,6601
506,506
9414,9414
6612,6612
7024,7024
4407,4407
5850,5850
9110,9110
8407,8407
1657,1657
339,339
6627,6627
8177,8177
2188,2188
3736,3736
9197,9197
8310,8310
6890,6890
1166,1166
3626,3626
1942,1942
8898,8898
7561,7561
118,118
6600,6600
2930,2930
5724,5724
1917,1917
4300,4300
8201,8201
3872,3872
5476,5476
4105,4105
6056,6056
1081,1081
9078,9078
4943,4943
4452,4452
1423,1423
3108,3108
9685,9685
7629,7629
34,34
1553,1553
3557,3557
2634,2634
7000,7000
2204,2204
8479,8479
1140,1140
9870,9870
9187,9187
634,634
513,513
1940,1940
5464,5464
7481,7481
8893,8893
9647,9647
105,105
3508,3508
4481,4481
4320,4320
8099,8099
7036,7036
4204,4204
1492,1492
6682,6682
827,827
9391,9391
402,402
3197,3197
3268,3268
1070,1070
2449,2449
2628,2628
7637,7637
789,789
4992,4992
9861,9861
6856,6856
7840,7840
8539,8539
4468,4468
5930,5930
569,569
1882,1882
1435,1435
3019,3019
3343,3343
8173,8173
3732,3732
3084,3084
1815,1815
3608,3608
1063,1063
5286,5286
4667,4667
3505,3505
2596,2596
8166,8166
7826,7826
5849,5849
4808,4808
106,106
2216,2216
9185,9185
9930,9930
8645,8645
5167,5167
6106,6106
5678,5678
2153,2153
8584,8584
5163,5163
2718,2718
9122,9122
6516,6516
8620,8620
9982,9982
550,550
7633,7633
7197,7197
8447,8447
1080,1080
7305,7305
2550,2550
4007,4007
633,633
2486,2486
9052,9052
9716,9716
1385,1385
3928,3928
9477,9477
2156,2156
7427,7427
5604,5604
6013,6013
3278,3278
1299,1299
1406,1406
6636,6636
2363,2363
5173,5173
1021,1021
5789,5789
5333,5333
1805,1805
7365,7365
5638,5638
6681,6681
1261,1261
2965,2965
3161,3161
6345,6345
7849,7849
5660,5660
8941,8941
7967,7967
5825,5825
4167,4167
1835,1835
8889,8889
1382,1382
8684,8684
710,710
9269,9269
5417,5417
8069,8069
4268,4268
5665,5665
9670,9670
871,871
6740,6740
9064,9064
8541,8541
1319,1319
3963,3963
2159,2159
191,191
2035,2035
4307,4307
3155,3155
7994,7994
2444,2444
1357,1357
6313,6313
7733,7733
3348,3348
6148,6148
490,490
3060,3060
9764,9764
8867,8867
7575,7575
2765,2765
152,152
7887,7887
5683,5683
5297,5297
8037,8037
6864,6864
3351,3351
3474,3474
4414,4414
5331,5331
9320,9320
7412,7412
9661,9661
5869,5869
4273,4273
9244,9244
2873,2873
1187,1187
2828,2828
3731,3731
1019,1019
1322,1322
2117,2117
3289,3289
9754,9754
5685,5685
1750,1750
1214,1214
3712,3712
3697,3697
133,133
8433,8433
7072,7072
7635,7635
5557,5557
5418,5418
295,295
3209,3209
8365,8365
4434,4434
6183,6183
5357,5357
3907,3907
11,11
1780,1780
7075,7075
1374,1374
9964,9964
4547,4547
9159,9159
5602,5602
1870,1870
1673,1673
7540,7540
7343,7343
3425,3425
8802,8802
2447,2447
2732,2732
6218,6218
2401,2401
4674,4674
3699,3699
9268,9268
6989,6989
2843,2843
5209,5209
5506,5506
4404,4404
2956,2956
4739,4739
5198,5198
2711,2711
6649,6649
8011,8011
8371,8371
3919,3919
257,257
8347,8347
681,681
7290,7290
5775,5775
9539,9539
6497,6497
3588,3588
7806,7806
3403,3403
2869,2869
6177,6177
5993,5993
131,131
1196,1196
8047,8047
4971,4971
2167,2167
2848,2848
580,580
8947,8947
2235,2235
4150,4150
5656,5656
460,460
8234,8234
7593,7593
4979,4979
3998,3998
5844,5844
234,234
154,154
5571,5571
1514,1514
2029,2029
7823,7823
6001,6001
893,893
1988,1988
9853,9853
1281,1281
7878,7878
1907,1907
2051,2051
3647,3647
9865,9865
8775,8775
1267,1267
6319,6319
7911,7911
7818,7818
6165,6165
1681,1681
1246,1246
2695,2695
7932,7932
7025,7025
8165,8165
4065,4065
646,646
9020,9020
9411,9411
9408,9408
9899,9899
777,777
9422,9422
1951,1951
3463,3463
4484,4484
7980,7980
5705,5705
3171,3171
1535,1535
4259,4259
4422,4422
2219,2219
4732,4732
9599,9599
450,450
4180,4180
2800,2800
4695,4695
8773,8773
1226,1226
8271,8271
3802,3802
9063,9063
6928,6928
3563,3563
8796,8796
9825,9825
1324,1324
9202,9202
2095,2095
130,130
6927,6927
4108,4108
7707,7707
1765,1765
5447,5447
8909,8909
3904,3904
4288,4288
99,99
8744,8744
5300,5300
7881,7881
3932,3932
5876,5876
7722,7722
3789,3789
4239,4239
9363,9363
2573,2573
9017,9017
1790,1790
9540,9540
8754,8754
935,935
2468,2468
6956,6956
1715,1715
6131,6131
9145,9145
4652,4652
7929,7929
3040,3040
990,990
8636,8636
3766,3766
4955,4955
3685,3685
8483,8483
6173,6173
1009,1009
6278,6278
6188,6188
586,586
2960,2960
1563,1563
1476,1476
8080,8080
8766,8766
6871,6871
1875,1875
3309,3309
7163,7163
2896,2896
6489,6489
3979,3979
3462,3462
1151,1151
5592,5592
620,620
9109,9109
2630,2630
4566,4566
2823,2823
6752,6752
4186,4186
9280,9280
1784,1784
1504,1504
8444,8444
267,267
2119,2119
9000,9000
8406,8406
7614,7614
5682,5682
7184,7184
5842,5842
7154,7154
610,610
5066,5066
6343,6343
3119,3119
7089,7089
7966,7966
1994,1994
1736,1736
8860,8860
5068,5068
579,579
3370,3370
8737,8737
2405,2405
6746,6746
1575,1575
1910,1910
4008,4008
8811,8811
1722,1722
5344,5344
4487,4487
8402,8402
8526,8526
139,139
1689,1689
2730,2730
9817,9817
9433,9433
4683,4683
7656,7656
9933,9933
9355,9355
612,612
4461,4461
8016,8016
3442,3442
9272,9272
350,350
4388,4388
557,557
2822,2822
4462,4462
8628,8628
5530,5530
5507,5507
2456,2456
4706,4706
9089,9089
1257,1257
8300,8300
5977,5977
650,650
5807,5807
1243,1243
9,9
1845,1845
421,421
7213,7213
6551,6551
2303,2303
8134,8134
5279,5279
111,111
7458,7458
2552,2552
2239,2239
7114,7114
3507,3507
2979,2979
2436,2436
2849,2849
2945,2945
5374,5374
17,17
346,346
7311,7311
9973,9973
5513,5513
7794,7794
384,384
982,982
2872,2872
8901,8901
7308,7308
6696,6696
1217,1217
6812,6812
8846,8846
3314,3314
9876,9876
2435,2435
3421,3421
4545,4545
8668,8668
6328,6328
9636,9636
7183,7183
3798,3798
4038,4038
8852,8852
748,748
6768,6768
8398,8398
7418,7418
7451,7451
8674,8674
6036,6036
1376,1376
6339,6339
1068,1068
3883,3883
6896,6896
6402,6402
9906,9906
6689,6689
5036,5036
2612,2612
6080,6080
7292,7292
7185,7185
6041,6041
7255,7255
7968,7968
7224,7224
9830,9830
5773,5773
8579,8579
5074,5074
6333,6333
4498,4498
4492,4492
5916,5916
3188,3188
6514,6514
2529,2529
4442,4442
7503,7503
3020,3020
6854,6854
9591,9591
4688,4688
4432,4432
9923,9923
3240,3240
8380,8380
3819,3819
4104,4104
4754,4754
8272,8272
6749,6749
882,882
5935,5935
6476,6476
2831,2831
324,324
7754,7754
6126,6126
8752,8752
5614,5614
7954,7954
6840,6840
1665,1665
5911,5911
5936,5936
9586,9586
6332,6332
4210,4210
8726,8726
9378,9378
5460,5460
4713,4713
1675,1675
8203,8203
8833,8833
1979,1979
4081,4081
765,765
9056,9056
2605,2605
6653,6653
1519,1519
4784,4784
6089,6089
4898,4898
5497,5497
7431,7431
2359,2359
4550,4550
5711,5711
282,282
9011,9011
6818,6818
1048,1048
8072,8072
5103,5103
7487,7487
4337,4337
1637,1637
2811,2811
9360,9360
6615,6615
4907,4907
2734,2734
9738,9738
1693,1693
2227,2227
4604,4604
1755,1755
1881,1881
8029,8029
4228,4228
6881,6881
7126,7126
9710,9710
2230,2230
4917,4917
6467,6467
7565,7565
8772,8772
1148,1148
2387,2387
555,555
6573,6573
4899,4899
309,309
8511,8511
7096,7096
1995,1995
4321,4321
1253,1253
9662,9662
4168,4168
7922,7922
1983,1983
3427,3427
2477,2477
7085,7085
6007,6007
2879,2879
8569,8569
7604,7604
7890,7890
1473,1473
6470,6470
1006,1006
6711,6711
4877,4877
6588,6588
3821,3821
8585,8585
7304,7304
5077,5077
7083,7083
3504,3504
4910,4910
578,578
3591,3591
244,244
4266,4266
9147,9147
7918,7918
1361,1361
6305,6305
3575,3575
9751,9751
3912,3912
1697,1697
7817,7817
4839,4839
3541,3541
5281,5281
1836,1836
6017,6017
545,545
7745,7745
4531,4531
2023,2023
3066,3066
298,298
5606,5606
9338,9338
9354,9354
6360,6360
5105,5105
116,116
2394,2394
3360,3360
6368,6368
6208,6208
8621,8621
6641,6641
3935,3935
5843,5843
3937,3937
9600,9600
406,406
1853,1853
2996,2996
9605,9605
903,903
4296,4296
5413,5413
1236,1236
1012,1012
820,820
2949,2949
3410,3410
5798,5798
4144,4144
4846,4846
7155,7155
558,558
2587,2587
5184,5184
2482,2482
328,328
6843,6843
9488,9488
8413,8413
760,760
2854,2854
7454,7454
7491,7491
863,863
9163,9163
6820,6820
7294,7294
9506,9506
9153,9153
916,916
2541,2541
4854,4854
9398,9398
3244,3244
7120,7120
2081,2081
5634,5634
1345,1345
712,712
8787,8787
3193,3193
846,846
9900,9900
4623,4623
9755,9755
6891,6891
7282,7282
2193,2193
1053,1053
8735,8735
8816,8816
8059,8059
7206,7206
50,50
1828,1828
2853,2853
4256,4256
348,348
3152,3152
5400,5400
4592,4592
2141,2141
3243,3243
3780,3780
6159,6159
3149,3149
7663,7663
3379,3379
2600,2600
6961,6961
2818,2818
122,122
5579,5579
4931,4931
6979,6979
2221,2221
8179,8179
6458,6458
9788,9788
4294,4294
288,288
5676,5676
4725,4725
7264,7264
6185,6185
4200,4200
5723,5723
887,887
6582,6582
8015,8015
5478,5478
8608,8608
866,866
7611,7611
515,515
8095,8095
7944,7944
7589,7589
5995,5995
636,636
3727,3727
2648,2648
7382,7382
933,933
5882,5882
444,444
3579,3579
1172,1172
3387,3387
1369,1369
5648,5648
1573,1573
7087,7087
2597,2597
7302,7302
3903,3903
6580,6580
6227,6227
4797,4797
9652,9652
2760,2760
6534,6534
7179,7179
1359,1359
3582,3582
3833,3833
511,511
8727,8727
665,665
3835,3835
2474,2474
8640,8640
9426,9426
8123,8123
4386,4386
9631,9631
5830,5830
663,663
7590,7590
8614,8614
1763,1763
7809,7809
1650,1650
6069,6069
299,299
1975,1975
2085,2085
9491,9491
5256,5256
3132,3132
1164,1164
5837,5837
7640,7640
3668,3668
4400,4400
4794,4794
2426,2426
8359,8359
9637,9637
9494,9494
832,832
1218,1218
3434,3434
6493,6493
9349,9349
6115,6115
6454,6454
1062,1062
6804,6804
7240,7240
3313,3313
8268,8268
3274,3274
375,375
3093,3093
4792,4792
174,174
8045,8045
4349,4349
7065,7065
8876,8876
3159,3159
7372,7372
1141,1141
3227,3227
2145,2145
1337,1337
1388,1388
3440,3440
798,798
9963,9963
699,699
2820,2820
138,138
9719,9719
605,605
8337,8337
7405,7405
9862,9862
7725,7725
1865,1865
6027,6027
4280,4280
7283,7283
8199,8199
1687,1687
1072,1072
9454,9454
3930,3930
7367,7367
862,862
3454,3454
4837,4837
2961,2961
2285,2285
4392,4392
9252,9252
3466,3466
3213,3213
8313,8313
4219,4219
93,93
6978,6978
8396,8396
4378,4378
5939,5939
6658,6658
3990,3990
2586,2586
3089,3089
7697,7697
6432,6432
4129,4129
430,430
6714,6714
6195,6195
6295,6295
4290,4290
2326,2326
2826,2826
5921,5921
9452,9452
7803,7803
4354,4354
5073,5073
4753,4753
4003,4003
7028,7028
5749,5749
9730,9730
2191,2191
8949,8949
740,740
5512,5512
4364,4364
6539,6539
4247,4247
8321,8321
6688,6688
4049,4049
7105,7105
1685,1685
6562,6562
2789,2789
7969,7969
3385,3385
2675,2675
1004,1004
4875,4875
5593,5593
2276,2276
6594,6594
1059,1059
3701,3701
7457,7457
5509,5509
2544,2544
7855,7855
2311,2311
4078,4078
2558,2558
1649,1649
5407,5407
3098,3098
5097,5097
4361,4361
2665,2665
8425,8425
7856,7856
9410,9410
6557,6557
1211,1211
8838,8838
2340,2340
472,472
4250,4250
2606,2606
4044,4044
7985,7985
5310,5310
2186,2186
2138,2138
8397,8397
9135,9135
1558,1558
9620,9620
5262,5262
9359,9359
9179,9179
4292,4292
9341,9341
9587,9587
3376,3376
5896,5896
5147,5147
3405,3405
9319,9319
3422,3422
2964,2964
8154,8154
9008,9008
6589,6589
1190,1190
4473,4473
7528,7528
1286,1286
6382,6382
5934,5934
6054,6054
4233,4233
1377,1377
608,608
4888,4888
7622,7622
4701,4701
4662,4662
4037,4037
6951,6951
8704,8704
253,253
6572,6572
3259,3259
1285,1285
8575,8575
9240,9240
679,679
1745,1745
4177,4177
5859,5859
6726,6726
2937,2937
8206,8206
3265,3265
4682,4682
8935,8935
7052,7052
6909,6909
2483,2483
2097,2097
5466,5466
837,837
3511,3511
7159,7159
7428,7428
8362,8362
7437,7437
1708,1708
7724,7724
9922,9922
2433,2433
36,36
9082,9082
8212,8212
5983,5983
4304,4304
3451,3451
5657,5657
9969,9969
4391,4391
2653,2653
587,587
8812,8812
3432,3432
399,399
8762,8762
4488,4488
8888,8888
1044,1044
7279,7279
1360,1360
8431,8431
9296,9296
9848,9848
7819,7819
2988,2988
525,525
9821,9821
7286,7286
5647,5647
6701,6701
9500,9500
1738,1738
6428,6428
3070,3070
664,664
6908,6908
9907,9907
8597,8597
1658,1658
5961,5961
5320,5320
218,218
3475,3475
4658,4658
1485,1485
2057,2057
735,735
8348,8348
4555,4555
9425,9425
4548,4548
6830,6830
721,721
4553,4553
6141,6141
6120,6120
7093,7093
7687,7687
203,203
7554,7554
4425,4425
5491,5491
3776,3776
7870,7870
2926,2926
5072,5072
3694,3694
3201,3201
6254,6254
8644,8644
5799,5799
2388,2388
9324,9324
4135,4135
9006,9006
7646,7646
1142,1142
2396,2396
9640,9640
71,71
8732,8732
3948,3948
1075,1075
6577,6577
1294,1294
277,277
8437,8437
1242,1242
5032,5032
2142,2142
8416,8416
4519,4519
9069,9069
6119,6119
9259,9259
690,690
6579,6579
9340,9340
6813,6813
127,127
1341,1341
3824,3824
6522,6522
261,261
9925,9925
6147,6147
1223,1223
8639,8639
2026,2026
5956,5956
7906,7906
2346,2346
501,501
5253,5253
8493,8493
5426,5426
4342,4342
8998,8998
5134,5134
5403,5403
3363,3363
8829,8829
2620,2620
3597,3597
8014,8014
238,238
9217,9217
4193,4193
9263,9263
5007,5007
983,983
861,861
4089,4089
4620,4620
6810,6810
1079,1079
991,991
4581,4581
1356,1356
7031,7031
7174,7174
7521,7521
1089,1089
9507,9507
5196,5196
9804,9804
3808,3808
4626,4626
5026,5026
7348,7348
8596,8596
4283,4283
9515,9515
5823,5823
8469,8469
7150,7150
8720,8720
2542,2542
619,619
4471,4471
398,398
4885,4885
4891,4891
40,40
3570,3570
4345,4345
6460,6460
8314,8314
8883,8883
6110,6110
6306,6306
2271,2271
4734,4734
3547,3547
6317,6317
9814,9814
1131,1131
7472,7472
8908,8908
2892,2892
9879,9879
6518,6518
5263,5263
9741,9741
1462,1462
9469,9469
316,316
6256,6256
7364,7364
4084,4084
3100,3100
6057,6057
2268,2268
2269,2269
7642,7642
2087,2087
1619,1619
9901,9901
4039,4039
2813,2813
4802,4802
6172,6172
7084,7084
4710,4710
2564,2564
5793,5793
508,508
1124,1124
19,19
6108,6108
5554,5554
4402,4402
4208,4208
4031,4031
464,464
6796,6796
6308,6308
1143,1143
9218,9218
6112,6112
4800,4800
925,925
6498,6498
9081,9081
3762,3762
8987,8987
8797,8797
8832,8832
4925,4925
1046,1046
8538,8538
3031,3031
2787,2787
2791,2791
7033,7033
207,207
4840,4840
6791,6791
8606,8606
6176,6176
9967,9967
2395,2395
1222,1222
3976,3976
6561,6561
3251,3251
3163,3163
1520,1520
5359,5359
4975,4975
6300,6300
2030,2030
6127,6127
9266,9266
6478,6478
3855,3855
7957,7957
6697,6697
6670,6670
5520,5520
922,922
3455,3455
9071,9071
8082,8082
1934,1934
2423,2423
8388,8388
4967,4967
6152,6152
1956,1956
8682,8682
1314,1314
9654,9654
5745,5745
6665,6665
9450,9450
2750,2750
3074,3074
8460,8460
627,627
1959,1959
9271,9271
8956,8956
9597,9597
6736,6736
2602,2602
5191,5191
4813,4813
2154,2154
5643,5643
7441,7441
6781,6781
6240,6240
4782,4782
7595,7595
6117,6117
6267,6267
648,648
994,994
4449,4449
3280,3280
7934,7934
2007,2007
199,199
1328,1328
4857,4857
8465,8465
1622,1622
8637,8637
3262,3262
6958,6958
3896,3896
3660,3660
165,165
9490,9490
9439,9439
8148,8148
6817,6817
352,352
2903,2903
2231,2231
3864,3864
1229,1229
2712,2712
126,126
6646,6646
2614,2614
2322,2322
6479,6479
1396,1396
3533,3533
9872,9872
4139,4139
9168,9168
4013,4013
7461,7461
1690,1690
4330,4330
1069,1069
317,317
4670,4670
2778,2778
4121,4121
1511,1511
1028,1028
3172,3172
8216,8216
4714,4714
9309,9309
7905,7905
3581,3581
3960,3960
3358,3358
4340,4340
2746,2746
8904,8904
6948,6948
8383,8383
4744,4744
891,891
7047,7047
5057,5057
9019,9019
9041,9041
9167,9167
6409,6409
8881,8881
7783,7783
8153,8153
6863,6863
951,951
8393,8393
9612,9612
9351,9351
1785,1785
8484,8484
1908,1908
7070,7070
4988,4988
5529,5529
1118,1118
9227,9227
9915,9915
6459,6459
7774,7774
8503,8503
5510,5510
1088,1088
573,573
5781,5781
8502,8502
9798,9798
4816,4816
1083,1083
5631,5631
129,129
6437,6437
5537,5537
6144,6144
2874,2874
8131,8131
6691,6691
8096,8096
5613,5613
410,410
4088,4088
3639,3639
8258,8258
1561,1561
7270,7270
9737,9737
2877,2877
5185,5185
9199,9199
801,801
1659,1659
5275,5275
5168,5168
642,642
7137,7137
516,516
6392,6392
6874,6874
7101,7101
2150,2150
5016,5016
8430,8430
9248,9248
539,539
45,45
4596,4596
84,84
672,672
8969,8969
8302,8302
4964,4964
6648,6648
4260,4260
9562,9562
5675,5675
7976,7976
5087,5087
9483,9483
8345,8345
3723,3723
9884,9884
9225,9225
6887,6887
3004,3004
5096,5096
3407,3407
1686,1686
5858,5858
9487,9487
3773,3773
819,819
8267,8267
3529,3529
938,938
4908,4908
7763,7763
5639,5639
3217,3217
7316,7316
7748,7748
2041,2041
5376,5376
9298,9298
3781,3781
5277,5277
9375,9375
752,752
7209,7209
7564,7564
1330,1330
8809,8809
3800,3800
5578,5578
7708,7708
2659,2659
8958,8958
1486,1486
7671,7671
1721,1721
2181,2181
6113,6113
8252,8252
9530,9530
481,481
4968,4968
9794,9794
751,751
4034,4034
7559,7559
5391,5391
2736,2736
6939,6939
5304,5304
9289,9289
3569,3569
2108,2108
6618,6618
7499,7499
9260,9260
8670,8670
320,320
7360,7360
8032,8032
2557,2557
4911,4911
5177,5177
3775,3775
595,595
813,813
888,888
8329,8329
7423,7423
4611,4611
1156,1156
8323,8323
4328,4328
9074,9074
7345,7345
5005,5005
8057,8057
150,150
7001,7001
5847,5847
9322,9322
2134,2134
5157,5157
3669,3669
7555,7555
8152,8152
468,468
3989,3989
8610,8610
1487,1487
9098,9098
6657,6657
7362,7362
6370,6370
6373,6373
7607,7607
8970,8970
1139,1139
9352,9352
5193,5193
6915,6915
1700,1700
7872,7872
3250,3250
9656,9656
6356,6356
2010,2010
6415,6415
100,100
1453,1453
9911,9911
7107,7107
8578,8578
8510,8510
6111,6111
4502,4502
6334,6334
8696,8696
5382,5382
9120,9120
5580,5580
7704,7704
3176,3176
5641,5641
5989,5989
3940,3940
1513,1513
2025,2025
7136,7136
6217,6217
5731,5731
8997,8997
7196,7196
8642,8642
3865,3865
6822,6822
1639,1639
8522,8522
4098,4098
4207,4207
4856,4856
7281,7281
9732,9732
8459,8459
2226,2226
6678,6678
4001,4001
7991,7991
2588,2588
3906,3906
2076,2076
3497,3497
3942,3942
5620,5620
1544,1544
1893,1893
1438,1438
8130,8130
4960,4960
7836,7836
7714,7714
5894,5894
9044,9044
2006,2006
6252,6252
1582,1582
6883,6883
9671,9671
4458,4458
7216,7216
2114,2114
8543,8543
9299,9299
1426,1426
8273,8273
9457,9457
440,440
4100,4100
1480,1480
4254,4254
336,336
5411,5411
8794,8794
7385,7385
5786,5786
2093,2093
3769,3769
5841,5841
4360,4360
4563,4563
6140,6140
5901,5901
341,341
2054,2054
6567,6567
5259,5259
3561,3561
7390,7390
8358,8358
7509,7509
6012,6012
8492,8492
1457,1457
9541,9541
4653,4653
5942,5942
6138,6138
9055,9055
5484,5484
8781,8781
6272,6272
9036,9036
2607,2607
7067,7067
3984,3984
1466,1466
2611,2611
3664,3664
8763,8763
2459,2459
611,611
8312,8312
140,140
6182,6182
6429,6429
5932,5932
833,833
6462,6462
9896,9896
7068,7068
695,695
9991,9991
4654,4654
3235,3235
6888,6888
195,195
5081,5081
9978,9978
7409,7409
3687,3687
182,182
6042,6042
4148,4148
9845,9845
4647,4647
3520,3520
7955,7955
4783,4783
1543,1543
5904,5904
7122,7122
2019,2019
5434,5434
4707,4707
618,618
3145,3145
9756,9756
7433,7433
1274,1274
310,310
958,958
3322,3322
4344,4344
3826,3826
2731,2731
5334,5334
8791,8791
6100,6100
8105,8105
9495,9495
101,101
9209,9209
4562,4562
4572,4572
5738,5738
4160,4160
4261,4261
9556,9556
2404,2404
3616,3616
6245,6245
8316,8316
8441,8441
7151,7151
5922,5922
7460,7460
6703,6703
8900,8900
4201,4201
7259,7259
9345,9345
8392,8392
7862,7862
8707,8707
8318,8318
3972,3972
5493,5493
2980,2980
1016,1016
6096,6096
9124,9124
5659,5659
9077,9077
7732,7732
1227,1227
5305,5305
6029,6029
8001,8001
452,452
7325,7325
9462,9462
1288,1288
9130,9130
9566,9566
9966,9966
6222,6222
5498,5498
987,987
4077,4077
4847,4847
7186,7186
9936,9936
3733,3733
4460,4460
9663,9663
854,854
4482,4482
1961,1961
7987,7987
1126,1126
5092,5092
2904,2904
806,806
8019,8019
2275,2275
6860,6860
7476,7476
1003,1003
704,704
1720,1720
1472,1472
9959,9959
5814,5814
730,730
6061,6061
1781,1781
8926,8926
7788,7788
4241,4241
1216,1216
5701,5701
4689,4689
2757,2757
5755,5755
8307,8307
1244,1244
6253,6253
7877,7877
6303,6303
5761,5761
8040,8040
1181,1181
4963,4963
7986,7986
8236,8236
5878,5878
467,467
9195,9195
5652,5652
4940,4940
9824,9824
4696,4696
8785,8785
5951,5951
2004,2004
168,168
259,259
1454,1454
2242,2242
4097,4097
1432,1432
3861,3861
857,857
4691,4691
2106,2106
5471,5471
9418,9418
7049,7049
8445,8445
6276,6276
1121,1121
427,427
6009,6009
4737,4737
995,995
3319,3319
431,431
6806,6806
7275,7275
7391,7391
9593,9593
1728,1728
5567,5567
7055,7055
1626,1626
5098,5098
5197,5197
8557,8557
1055,1055
7941,7941
3671,3671
2462,2462
7188,7188
6431,6431
4720,4720
1605,1605
5373,5373
67,67
8571,8571
5531,5531
8980,8980
1621,1621
5366,5366
919,919
6505,6505
1548,1548
6529,6529
5696,5696
9828,9828
3870,3870
7,7
2501,2501
597,597
2517,2517
2577,2577
7399,7399
204,204
164,164
2055,2055
2045,2045
7768,7768
6374,6374
9103,9103
1050,1050
5575,5575
7121,7121
1542,1542
500,500
7599,7599
7975,7975
6136,6136
3057,3057
3200,3200
389,389
4524,4524
5487,5487
7749,7749
3420,3420
2723,2723
1772,1772
9413,9413
6077,6077
3125,3125
936,936
3730,3730
9094,9094
9822,9822
8761,8761
7866,7866
3018,3018
361,361
7533,7533
4731,4731
8372,8372
4597,4597
2353,2353
5152,5152
2780,2780
436,436
21,21
2027,2027
2056,2056
4508,4508
2091,2091
4397,4397
7347,7347
5119,5119
3574,3574
5706,5706
1303,1303
7236,7236
74,74
1788,1788
6135,6135
7063,7063
2455,2455
3261,3261
401,401
5353,5353
5853,5853
6929,6929
9388,9388
5968,5968
1147,1147
5637,5637
8783,8783
1894,1894
9673,9673
4176,4176
2199,2199
3754,3754
7494,7494
682,682
5758,5758
2011,2011
270,270
7167,7167
3786,3786
5588,5588
9646,9646
9339,9339
4085,4085
8376,8376
2852,2852
945,945
9213,9213
9184,9184
3516,3516
3414,3414
1508,1508
5782,5782
3887,3887
1753,1753
2927,2927
1680,1680
416,416
1670,1670
1648,1648
1867,1867
5295,5295
2530,2530
3055,3055
802,802
1948,1948
923,923
3124,3124
6387,6387
6873,6873
917,917
6924,6924
7964,7964
456,456
9331,9331
6362,6362
4490,4490
8322,8322
4672,4672
353,353
6921,6921
9998,9998
3617,3617
1245,1245
6884,6884
4248,4248
522,522
1846,1846
3679,3679
3306,3306
5572,5572
7401,7401
5926,5926
910,910
3576,3576
8844,8844
8546,8546
2950,2950
4543,4543
9228,9228
9357,9357
4823,4823
3537,3537
1378,1378
1588,1588
637,637
4608,4608
8265,8265
7465,7465
2082,2082
5023,5023
2360,2360
9417,9417
4215,4215
6491,6491
5139,5139
7469,7469
5544,5544
5245,5245
2512,2512
7751,7751
9085,9085
7672,7672
6643,6643
6821,6821
3429,3429
9569,9569
4554,4554
23,23
5884,5884
6092,6092
2366,2366
6130,6130
3366,3366
8354,8354
3347,3347
3491,3491
9790,9790
9584,9584
7298,7298
5282,5282
1660,1660
7351,7351
5429,5429
7762,7762
6248,6248
4295,4295
1123,1123
6449,6449
4271,4271
3770,3770
7970,7970
1132,1132
179,179
7507,7507
300,300
9093,9093
836,836
8827,8827
5715,5715
1555,1555
2905,2905
2651,2651
7585,7585
8063,8063
8558,8558
7301,7301
7482,7482
2971,2971
351,351
1202,1202
6175,6175
8009,8009
2624,2624
2889,2889
3248,3248
2609,2609
6021,6021
7363,7363
9672,9672
6639,6639
9774,9774
8044,8044
546,546
4906,4906
7576,7576
5161,5161
3364,3364
5138,5138
6728,6728
9856,9856
5154,5154
4146,4146
4569,4569
8662,8662
3987,3987
7952,7952
9448,9448
1775,1775
6002,6002
8839,8839
8739,8739
8776,8776
2748,2748
6967,6967
3012,3012
4607,4607
6371,6371
6693,6693
5923,5923
8480,8480
6109,6109
1428,1428
6566,6566
9658,9658
9436,9436
7743,7743
9329,9329
334,334
4804,4804
4441,4441
5293,5293
6500,6500
262,262
6378,6378
8132,8132
4212,4212
1067,1067
3245,3245
2977,2977
1821,1821
8738,8738
1122,1122
5165,5165
7827,7827
8247,8247
3255,3255
6976,6976
9859,9859
1478,1478
7628,7628
3542,3542
6719,6719
8178,8178
1501,1501
5919,5919
8910,8910
9023,9023
9617,9617
2633,2633
4879,4879
2783,2783
2440,2440
8992,8992
4041,4041
2213,2213
6288,6288
6338,6338
368,368
2203,2203
3625,3625
6105,6105
2509,2509
5311,5311
7297,7297
6359,6359
856,856
3825,3825
947,947
2710,2710
4862,4862
4666,4666
6168,6168
9305,9305
3158,3158
2485,2485
3771,3771
6271,6271
6583,6583
609,609
417,417
9921,9921
9718,9718
5217,5217
1043,1043
7841,7841
6093,6093
8820,8820
8565,8565
8436,8436
7306,7306
254,254
1404,1404
6154,6154
9086,9086
5322,5322
8799,8799
3641,3641
849,849
8056,8056
9747,9747
7237,7237
7574,7574
9960,9960
2161,2161
6842,6842
6786,6786
4587,4587
2827,2827
2524,2524
5386,5386
4997,4997
5495,5495
5564,5564
2205,2205
779,779
653,653
6181,6181
3860,3860
3236,3236
4577,4577
7274,7274
6397,6397
5543,5543
4430,4430
3969,3969
9407,9407
9993,9993
1969,1969
8053,8053
6968,6968
6637,6637
6474,6474
2814,2814
9440,9440
1318,1318
7896,7896
3982,3982
7041,7041
4880,4880
3238,3238
7328,7328
2938,2938
7667,7667
2804,2804
6867,6867
2421,2421
9221,9221
2915,2915
7202,7202
6944,6944
8586,8586
815,815
211,211
1606,1606
4613,4613
9941,9941
3501,3501
7352,7352
2615,2615
3831,3831
1603,1603
7755,7755
2850,2850
9114,9114
8598,8598
3372,3372
1570,1570
1964,1964
2429,2429
2993,2993
7162,7162
2217,2217
7695,7695
1208,1208
4523,4523
8722,8722
5615,5615
7790,7790
6900,6900
3287,3287
5839,5839
6985,6985
8409,8409
5950,5950
5266,5266
5776,5776
2829,2829
5014,5014
5771,5771
886,886
658,658
2556,2556
4438,4438
9315,9315
3203,3203
9264,9264
2859,2859
3796,3796
8712,8712
3624,3624
5450,5450
7520,7520
2215,2215
8075,8075
3753,3753
4123,4123
4944,4944
8301,8301
8765,8765
5121,5121
1528,1528
9092,9092
7099,7099
5278,5278
9957,9957
5249,5249
6992,6992
5791,5791
8274,8274
4776,4776
47,47
4012,4012
4614,4614
5902,5902
5586,5586
9010,9010
7119,7119
1149,1149
6237,6237
4472,4472
5125,5125
7828,7828
2627,2627
9274,9274
9810,9810
6765,6765
7448,7448
4165,4165
4070,4070
6014,6014
3891,3891
6996,6996
161,161
4467,4467
2293,2293
3352,3352
547,547
1985,1985
6870,6870
9990,9990
3654,3654
3094,3094
6244,6244
9310,9310
3371,3371
4229,4229
3556,3556
9510,9510
1879,1879
2441,2441
3858,3858
9065,9065
6143,6143
8180,8180
4369,4369
9660,9660
999,999
4399,4399
4380,4380
4630,4630
2994,2994
4924,4924
9307,9307
7013,7013
9609,9609
654,654
4202,4202
252,252
722,722
276,276
7948,7948
6997,6997
5753,5753
9648,9648
447,447
7463,7463
6565,6565
548,548
5483,5483
2265,2265
3486,3486
3174,3174
2594,2594
9769,9769
5207,5207
1045,1045
577,577
4517,4517
8647,8647
3151,3151
9171,9171
1824,1824
4539,4539
8828,8828
240,240
1399,1399
9343,9343
3286,3286
1137,1137
5237,5237
3249,3249
2102,2102
3080,3080
981,981
5477,5477
1866,1866
7037,7037
1734,1734
9476,9476
9775,9775
7357,7357
743,743
3198,3198
9954,9954
9694,9694
6903,6903
6576,6576
102,102
7147,7147
8449,8449
3817,3817
7844,7844
7910,7910
2841,2841
4025,4025
5079,5079
974,974
4489,4489
7825,7825
3807,3807
5136,5136
9097,9097
8120,8120
8624,8624
8103,8103
3519,3519
4527,4527
1740,1740
5533,5533
8317,8317
3869,3869
3138,3138
1440,1440
8843,8843
6380,6380
6901,6901
2777,2777
8940,8940
2291,2291
9752,9752
6426,6426
8382,8382
1308,1308
2891,2891
5367,5367
5885,5885
7984,7984
2902,2902
6125,6125
7558,7558
7935,7935
7639,7639
5046,5046
5846,5846
365,365
3435,3435
3341,3341
3830,3830
5496,5496
7548,7548
2147,2147
2038,2038
119,119
8669,8669
7062,7062
4779,4779
1086,1086
6171,6171
4768,4768
6028,6028
3109,3109
7947,7947
7699,7699
8780,8780
1436,1436
1066,1066
268,268
1545,1545
5027,5027
153,153
6210,6210
520,520
6200,6200
400,400
8194,8194
1604,1604
2297,2297
9111,9111
8601,8601
3091,3091
1348,1348
2233,2233
4157,4157
570,570
5788,5788
7773,7773
4621,4621
6128,6128
4812,4812
5972,5972
2680,2680
8529,8529
3218,3218
3384,3384
8580,8580
1270,1270
279,279
6785,6785
7408,7408
3916,3916
2158,2158
6169,6169
8231,8231
4374,4374
4451,4451
7273,7273
5875,5875
260,260
9048,9048
4951,4951
7203,7203
1839,1839
2697,2697
9441,9441
3357,3357
4594,4594
6435,6435
2090,2090
7470,7470
6775,6775
593,593
5194,5194
1596,1596
291,291
8172,8172
4021,4021
9176,9176
9696,9696
9950,9950
9968,9968
9502,9502
4286,4286
892,892
9362,9362
673,673
3365,3365
2707,2707
3079,3079
6196,6196
6383,6383
6512,6512
9479,9479
1842,1842
3499,3499
3444,3444
7804,7804
1967,1967
2574,2574
8807,8807
3340,3340
1119,1119
5427,5427
7864,7864
7094,7094
1974,1974
1698,1698
1311,1311
8747,8747
3944,3944
3905,3905
9867,9867
7397,7397
9938,9938
4082,4082
5398,5398
9364,9364
273,273
7888,7888
7676,7676
6940,6940
7030,7030
3181,3181
6102,6102
1127,1127
1590,1590
1909,1909
5519,5519
5368,5368
584,584
1381,1381
7959,7959
5395,5395
5118,5118
4821,4821
327,327
3294,3294
3716,3716
5049,5049
4066,4066
7189,7189
2050,2050
2279,2279
659,659
7007,7007
924,924
7880,7880
5043,5043
517,517
9277,9277
2463,2463
1694,1694
4338,4338
6249,6249
4047,4047
890,890
5452,5452
8266,8266
9387,9387
1452,1452
4358,4358
9588,9588
9918,9918
5448,5448
3621,3621
9270,9270
1455,1455
7349,7349
5143,5143
3946,3946
755,755
3599,3599
8488,8488
2656,2656
5600,5600
6307,6307
5375,5375
9868,9868
8074,8074
8982,8982
9254,9254
4989,4989
6767,6767
4453,4453
8495,8495
6385,6385
1047,1047
3206,3206
6739,6739
6423,6423
1716,1716
9403,9403
5742,5742
3049,3049
9083,9083
1157,1157
9075,9075
8786,8786
1209,1209
4639,4639
5251,5251
1407,1407
2318,2318
5958,5958
3530,3530
906,906
5672,5672
3101,3101
9887,9887
9693,9693
6259,6259
4848,4848
4000,4000
6367,6367
6072,6072
8476,8476
9292,9292
5341,5341
397,397
3229,3229
729,729
3513,3513
5545,5545
5442,5442
9920,9920
8902,8902
8263,8263
738,738
4122,4122
6246,6246
9551,9551
7003,7003
1029,1029
5233,5233
9668,9668
4832,4832
6751,6751
7694,7694
5231,5231
1920,1920
7386,7386
4227,4227
8507,8507
5288,5288
1170,1170
2131,2131
4127,4127
9894,9894
6097,6097
2548,2548
9623,9623
527,527
592,592
7720,7720
6543,6543
9241,9241
4844,4844
1803,1803
9820,9820
3443,3443
9151,9151
5115,5115
9246,9246
4927,4927
4542,4542
3594,3594
6046,6046
5654,5654
9412,9412
6950,6950
2263,2263
767,767
1325,1325
7873,7873
6095,6095
5899,5899
4332,4332
6747,6747
9829,9829
5274,5274
7578,7578
9708,9708
5609,5609
394,394
3350,3350
7989,7989
5303,5303
9596,9596
9528,9528
1120,1120
631,631
6945,6945
3713,3713
7951,7951
8518,8518
3326,3326
6297,6297
9942,9942
2164,2164
2325,2325
797,797
8920,8920
2370,2370
9466,9466
5321,5321
3122,3122
418,418
5999,5999
9958,9958
8705,8705
6850,6850
5328,5328
5055,5055
4272,4272
2252,2252
3605,3605
7097,7097
7924,7924
8551,8551
4669,4669
7940,7940
502,502
6729,6729
7223,7223
2914,2914
8351,8351
1313,1313
1023,1023
8903,8903
5486,5486
4054,4054
3953,3953
6044,6044
8641,8641
4106,4106
7592,7592
8320,8320
2015,2015
4305,4305
4071,4071
4506,4506
7588,7588
9258,9258
5829,5829
6943,6943
9759,9759
4476,4476
358,358
6442,6442
8954,8954
1461,1461
8537,8537
2189,2189
5354,5354
9313,9313
3682,3682
6071,6071
2105,2105
4175,4175
5166,5166
7897,7897
8595,8595
239,239
4443,4443
4116,4116
4585,4585
1198,1198
492,492
2821,2821
583,583
8117,8117
8890,8890
8400,8400
4145,4145
4067,4067
3568,3568
3512,3512
2259,2259
2955,2955
4994,4994
8306,8306
1056,1056
6422,6422
7278,7278
3848,3848
9021,9021
5170,5170
1312,1312
2559,2559
7029,7029
8041,8041
8294,8294
4740,4740
3655,3655
7664,7664
7594,7594
167,167
9325,9325
7473,7473
3735,3735
8504,8504
5812,5812
9689,9689
9129,9129
3156,3156
5190,5190
2305,2305
4842,4842
8066,8066
6553,6553
4627,4627
3064,3064
8723,8723
5189,5189
355,355
2414,2414
2944,2944
4164,4164
8455,8455
4130,4130
8067,8067
359,359
6555,6555
493,493
3892,3892
2339,2339
6350,6350
5730,5730
4159,4159
344,344
3437,3437
6261,6261
6893,6893
1612,1612
9523,9523
1972,1972
997,997
5000,5000
4540,4540
5117,5117
7053,7053
7618,7618
9886,9886
689,689
5986,5986
3592,3592
5558,5558
5928,5928
8490,8490
274,274
2795,2795
9198,9198
4551,4551
883,883
4772,4772
7702,7702
9809,9809
6725,6725
4326,4326
567,567
1293,1293
6798,6798
1598,1598
9421,9421
2972,2972
5010,5010
8963,8963
4745,4745
5348,5348
2875,2875
9285,9285
4948,4948
8458,8458
2865,2865
7467,7467
1565,1565
9050,9050
9835,9835
4060,4060
1792,1792
4408,4408
1316,1316
9690,9690
1338,1338
8589,8589
1364,1364
4445,4445
1709,1709
1049,1049
9501,9501
9336,9336
1412,1412
7621,7621
1600,1600
6809,6809
6414,6414
1844,1844
3409,3409
4335,4335
4218,4218
5693,5693
3895,3895
2488,2488
8126,8126
2301,2301
9686,9686
9029,9029
2631,2631
6486,6486
5910,5910
3051,3051
3150,3150
649,649
1414,1414
4190,4190
1183,1183
5492,5492
9311,9311
5102,5102
8535,8535
6320,6320
2307,2307
4437,4437
1593,1593
3787,3787
4351,4351
1372,1372
7338,7338
8974,8974
1204,1204
543,543
5688,5688
7268,7268
2974,2974
9361,9361
9054,9054
1666,1666
4352,4352
1343,1343
2646,2646
9717,9717
5223,5223
1608,1608
3564,3564
5110,5110
6744,6744
4938,4938
3577,3577
7420,7420
1699,1699
2402,2402
4234,4234
5990,5990
72,72
1758,1758
8331,8331
2667,2667
4389,4389
9789,9789
507,507
3801,3801
6282,6282
2851,2851
2032,2032
381,381
2704,2704
7536,7536
5752,5752
5299,5299
1926,1926
5980,5980
2241,2241
5250,5250
9669,9669
3980,3980
3548,3548
512,512
3967,3967
7339,7339
6258,6258
4173,4173
294,294
7484,7484
1015,1015
5459,5459
5401,5401
5822,5822
1928,1928
8519,8519
3288,3288
3179,3179
289,289
2312,2312
3490,3490
6260,6260
8220,8220
2064,2064
8716,8716
9815,9815
6223,6223
4278,4278
188,188
5777,5777
4567,4567
8650,8650
8084,8084
4583,4583
4284,4284
8222,8222
2116,2116
4265,4265
7974,7974
5832,5832
6859,6859
8297,8297
3167,3167
5684,5684
3175,3175
370,370
5892,5892
9520,9520
6355,6355
7432,7432
1297,1297
3893,3893
9127,9127
8471,8471
1228,1228
1219,1219
7915,7915
7210,7210
9714,9714
4825,4825
2511,2511
5465,5465
2893,2893
7913,7913
3534,3534
7875,7875
900,900
7993,7993
5065,5065
7166,7166
1932,1932
5142,5142
2177,2177
5145,5145
3962,3962
3813,3813
321,321
1061,1061
8734,8734
7299,7299
3941,3941
7263,7263
726,726
3169,3169
3719,3719
4308,4308
2833,2833
6811,6811
9188,9188
763,763
5337,5337
1554,1554
5289,5289
4709,4709
1688,1688
9780,9780
9664,9664
7171,7171
1052,1052
2759,2759
9706,9706
4708,4708
5131,5131
5633,5633
4156,4156
147,147
6444,6444
3390,3390
8924,8924
639,639
926,926
2890,2890
1512,1512
7317,7317
2073,2073
1623,1623
7373,7373
382,382
8399,8399
4316,4316
954,954
5257,5257
8886,8886
200,200
9030,9030
3832,3832
1421,1421
1654,1654
9538,9538
4741,4741
931,931
7066,7066
9281,9281
7358,7358
700,700
5909,5909
1443,1443
323,323
1778,1778
1200,1200
1287,1287
1249,1249
6544,6544
25,25
3662,3662
221,221
9657,9657
6991,6991
6545,6545
4712,4712
9763,9763
531,531
6919,6919
315,315
7452,7452
4677,4677
3196,3196
7992,7992
7698,7698
3082,3082
5971,5971
5570,5570
1117,1117
2621,2621
2582,2582
3302,3302
4002,4002
8189,8189
9567,9567
8038,8038
2053,2053
6134,6134
3631,3631
2198,2198
9196,9196
216,216
3740,3740
6049,6049
2270,2270
6788,6788
251,251
1714,1714
1362,1362
6724,6724
5834,5834
433,433
2092,2092
6723,6723
8186,8186
3549,3549
6400,6400
3346,3346
9995,9995
7715,7715
3583,3583
4112,4112
4435,4435
2786,2786
6504,6504
6571,6571
793,793
9885,9885
9028,9028
3127,3127
8856,8856
3550,3550
3823,3823
3593,3593
4834,4834
329,329
3308,3308
485,485
4693,4693
715,715
2109,2109
2272,2272
193,193
3693,3693
6405,6405
5700,5700
4373,4373
5551,5551
7241,7241
250,250
2207,2207
4766,4766
6675,6675
8230,8230
7501,7501
5214,5214
2315,2315
1161,1161
8162,8162
6285,6285
9471,9471
7898,7898
2951,2951
2805,2805
3402,3402
6519,6519
8866,8866
3920,3920
5202,5202
5963,5963
2551,2551
7195,7195
6078,6078
2113,2113
281,281
8758,8758
7912,7912
3782,3782
8823,8823
2487,2487
8052,8052
2788,2788
5697,5697
9897,9897
7894,7894
9376,9376
8176,8176
6369,6369
3008,3008
8657,8657
2165,2165
3275,3275
5273,5273
2489,2489
7914,7914
8332,8332
6376,6376
8497,8497
4656,4656
4485,4485
6922,6922
5084,5084
1723,1723
9373,9373
9084,9084
405,405
5826,5826
7395,7395
632,632
8006,8006
3166,3166
5258,5258
5991,5991
7413,7413
2772,2772
4178,4178
640,640
7350,7350
5653,5653
5433,5433
9066,9066
5515,5515
265,265
9791,9791
3043,3043
6034,6034
7999,7999
8966,8966
1958,1958
4366,4366
3194,3194
1664,1664
4390,4390
9744,9744
2260,2260
3746,3746
5642,5642
2323,2323
703,703
1581,1581
7796,7796
734,734
1677,1677
9727,9727
2123,2123
707,707
5206,5206
7785,7785
5438,5438
4093,4093
8417,8417
4312,4312
8108,8108
7961,7961
4491,4491
2248,2248
9985,9985
6969,6969
6164,6164
603,603
4222,4222
1592,1592
4675,4675
1632,1632
1027,1027
8137,8137
7901,7901
7368,7368
1818,1818
3879,3879
3850,3850
7577,7577
8243,8243
3763,3763
3192,3192
768,768
160,160
8680,8680
6346,6346
2397,2397
1797,1797
881,881
1819,1819
2255,2255
2636,2636
3411,3411
950,950
9070,9070
975,975
6342,6342
6616,6616
3271,3271
4017,4017
1980,1980
1040,1040
4830,4830
4454,4454
3144,3144
8681,8681
1616,1616
3589,3589
2137,2137
6325,6325
9704,9704
7135,7135
7355,7355
3029,3029
2111,2111
9850,9850
4699,4699
505,505
5751,5751
7580,7580
6710,6710
1391,1391
727,727
8706,8706
5045,5045
1108,1108
5765,5765
8830,8830
8929,8929
5425,5425
514,514
7495,7495
2377,2377
6230,6230
4788,4788
1991,1991
6198,6198
2479,2479
6010,6010
5915,5915
7242,7242
2391,2391
2410,2410
9748,9748
5229,5229
4631,4631
8582,8582
2638,2638
9204,9204
7474,7474
1163,1163
2348,2348
6849,6849
4317,4317
1315,1315
1577,1577
6994,6994
8239,8239
6067,6067
5929,5929
3317,3317
9390,9390
2223,2223
9250,9250
3277,3277
6107,6107
2911,2911
469,469
8874,8874
6075,6075
3635,3635
6735,6735
9903,9903
220,220
706,706
1527,1527
3048,3048
8988,8988
2566,2566
1477,1477
4029,4029
6916,6916
3330,3330
8718,8718
2059,2059
3652,3652
1077,1077
2992,2992
284,284
8724,8724
6327,6327
9032,9032
9736,9736
4033,4033
6406,6406
9382,9382
6421,6421
442,442
9381,9381
9394,9394
2932,2932
5485,5485
844,844
3222,3222
235,235
5312,5312
6323,6323
169,169
8240,8240
5804,5804
1194,1194
4355,4355
6520,6520
8068,8068
9330,9330
4827,4827
8556,8556
5965,5965
2637,2637
8010,8010
810,810
7346,7346
9630,9630
7625,7625
7677,7677
5890,5890
4795,4795
5590,5590
978,978
1321,1321
1427,1427
7234,7234
1230,1230
3692,3692
1024,1024
256,256
2437,2437
753,753
5764,5764
7945,7945
205,205
571,571
1247,1247
4133,4133
5924,5924
6420,6420
2036,2036
7884,7884
1431,1431
3954,3954
6590,6590
5128,5128
7623,7623
5141,5141
4199,4199
8373,8373
8065,8065
3957,3957
435,435
8158,8158
7542,7542
562,562
3793,3793
1945,1945
5546,5546
4306,4306
439,439
7314,7314
4141,4141
88,88
6707,6707
9467,9467
968,968
9800,9800
6447,6447
1936,1936
3502,3502
1927,1927
2663,2663
6262,6262
8270,8270
9555,9555
3851,3851
1739,1739
3521,3521
6984,6984
8831,8831
3234,3234
1814,1814
9972,9972
1268,1268
3573,3573
5457,5457
3335,3335
6008,6008
8226,8226
2733,2733
794,794
9508,9508
9683,9683
1804,1804
6913,6913
7524,7524
4593,4593
3676,3676
4,4
7925,7925
217,217
9629,9629
9231,9231
9832,9832
4990,4990
6284,6284
1887,1887
330,330
5743,5743
3996,3996
4396,4396
8112,8112
9334,9334
8192,8192
5540,5540
6910,6910
2274,2274
46,46
5511,5511
263,263
49,49
2357,2357
1919,1919
2919,2919
1165,1165
4987,4987
669,669
8550,8550
9898,9898
4965,4965
5526,5526
2419,2419
1076,1076
1264,1264
948,948
4005,4005
123,123
5015,5015
6829,6829
9638,9638
4909,4909
4113,4113
7262,7262
6341,6341
6904,6904
7143,7143
4006,4006
2616,2616
48,48
7193,7193
616,616
5499,5499
4032,4032
7064,7064
4584,4584
2897,2897
1154,1154
8853,8853
6330,6330
403,403
2101,2101
2742,2742
949,949
8245,8245
771,771
2942,2942
1532,1532
8028,8028
8577,8577
7920,7920
3752,3752
1574,1574
5114,5114
7791,7791
6941,6941
2196,2196
8168,8168
4777,4777
210,210
3007,3007
6193,6193
7160,7160
4019,4019
1769,1769
8842,8842
848,848
8114,8114
2793,2793
8356,8356
5292,5292
8478,8478
2190,2190
5387,5387
7867,7867
3686,3686
3088,3088
8930,8930
6366,6366
6946,6946
171,171
5893,5893
7218,7218
6394,6394
3128,3128
6759,6759
9203,9203
3634,3634
2070,2070
3618,3618
8187,8187
6892,6892
7502,7502
8078,8078
7153,7153
5095,5095
2719,2719
2282,2282
3272,3272
534,534
3552,3552
364,364
3947,3947
4757,4757
6738,6738
2013,2013
6384,6384
8999,8999
7402,7402
6655,6655
1652,1652
4226,4226
9286,9286
3670,3670
1114,1114
3046,3046
5343,5343
9316,9316
9940,9940
6814,6814
9546,9546
4806,4806
7204,7204
1240,1240
6194,6194
6805,6805
3071,3071
3433,3433
7529,7529
8118,8118
5741,5741
2362,2362
4636,4636
3509,3509
7603,7603
272,272
3033,3033
1516,1516
230,230
5905,5905
5385,5385
5729,5729
471,471
4270,4270
2354,2354
1036,1036
7111,7111
3818,3818
2358,2358
7132,7132
6503,6503
7522,7522
6391,6391
4181,4181
3743,3743
5704,5704
2940,2940
877,877
1010,1010
5424,5424
6473,6473
8851,8851
4769,4769
3154,3154
5845,5845
6536,6536
4073,4073
7850,7850
6457,6457
2525,2525
3540,3540
175,175
7073,7073
3133,3133
494,494
414,414
9871,9871
2693,2693
1539,1539
8897,8897
9833,9833
3241,3241
1524,1524
5548,5548
6281,6281
7718,7718
6142,6142
4126,4126
1398,1398
8250,8250
9917,9917
3045,3045
7923,7923
3480,3480
1467,1467
7232,7232
8914,8914
1030,1030
9323,9323
5523,5523
8419,8419
6011,6011
746,746
1636,1636
2266,2266
2470,2470
7822,7822
3951,3951
8868,8868
1502,1502
7781,7781
4216,4216
3649,3649
8275,8275
8457,8457
1459,1459
3667,3667
7504,7504
2484,2484
2149,2149
180,180
5862,5862
8679,8679
8933,8933
5852,5852
9245,9245
1390,1390
5444,5444
3873,3873
5873,5873
5768,5768
9108,9108
3560,3560
6455,6455
6834,6834
6513,6513
5502,5502
8244,8244
3416,3416
9889,9889
3544,3544
1935,1935
2568,2568
7706,7706
1429,1429
4291,4291
5877,5877
1237,1237
1277,1277
8146,8146
9976,9976
6241,6241
258,258
6275,6275
4755,4755
4493,4493
5597,5597
6926,6926
4143,4143
1848,1848
4406,4406
1953,1953
1082,1082
1702,1702
3845,3845
7632,7632
807,807
3211,3211
6965,6965
9498,9498
7061,7061
1643,1643
441,441
9178,9178
9133,9133
8403,8403
3083,3083
3190,3190
3034,3034
6789,6789
5011,5011
390,390
3933,3933
1859,1859
374,374
5670,5670
817,817
7782,7782
3643,3643
9489,9489
523,523
2817,2817
3500,3500
120,120
7919,7919
4136,4136
8742,8742
5082,5082
1679,1679
7523,7523
8756,8756
6708,6708
2182,2182
4538,4538
7177,7177
8370,8370
3178,3178
5215,5215
5728,5728
6699,6699
4240,4240
5532,5532
8121,8121
7760,7760
9535,9535
7615,7615
5365,5365
1233,1233
7331,7331
2292,2292
8003,8003
2431,2431
5808,5808
7591,7591
3354,3354
2351,2351
9431,9431
8228,8228
1916,1916
747,747
4632,4632
5712,5712
1058,1058
8818,8818
6418,6418
4052,4052
6052,6052
8043,8043
7572,7572
4238,4238
1869,1869
5436,5436
9753,9753
7570,7570
5210,5210
4556,4556
4285,4285
1184,1184
5033,5033
7710,7710
5392,5392
1587,1587
6792,6792
744,744
4996,4996
3396,3396
8023,8023
318,318
2446,2446
6088,6088
7655,7655
5106,5106
8288,8288
845,845
9222,9222
5415,5415
2779,2779
4702,4702
1863,1863
6918,6918
4359,4359
5227,5227
4919,4919
5549,5549
9984,9984
7383,7383
322,322
3392,3392
3783,3783
8964,8964
7493,7493
8144,8144
7323,7323
1749,1749
528,528
7238,7238
2498,2498
5272,5272
602,602
9389,9389
3142,3142
3859,3859
3404,3404
38,38
3918,3918
3620,3620
873,873
7653,7653
3688,3688
2187,2187
8895,8895
3187,3187
9155,9155
4610,4610
5042,5042
5797,5797
9680,9680
3087,3087
8946,8946
8421,8421
9877,9877
4030,4030
2497,2497
4087,4087
3522,3522
6039,6039
5439,5439
3096,3096
496,496
2625,2625
6630,6630
1752,1752
4986,4986
68,68
173,173
4068,4068
3339,3339
8594,8594
7134,7134
9578,9578
189,189
3675,3675
5240,5240
5482,5482
9393,9393
5709,5709
2347,2347
3110,3110
8319,8319
7354,7354
3461,3461
4711,4711
2049,2049
9713,9713
8622,8622
6930,6930
6828,6828
458,458
3700,3700
5371,5371
163,163
8000,8000
680,680
8905,8905
5881,5881
2471,2471
5062,5062
1278,1278
4183,4183
1483,1483
4395,4395
9992,9992
1112,1112
6190,6190
9224,9224
8854,8854
9027,9027
5109,5109
3,3
5561,5561
1265,1265
206,206
7837,7837
97,97
6661,6661
645,645
3447,3447
9944,9944
9786,9786
6526,6526
8602,8602
6905,6905
2072,2072
9136,9136
8442,8442
242,242
2450,2450
1517,1517
8562,8562
4269,4269
7233,7233
1744,1744
4196,4196
2383,2383
8590,8590
7927,7927
4730,4730
41,41
4511,4511
7997,7997
8,8
6754,6754
3857,3857
4921,4921
3473,3473
5525,5525
1849,1849
18,18
9645,9645
3106,3106
623,623
7342,7342
5624,5624
1400,1400
3468,3468
9858,9858
4685,4685
8051,8051
2356,2356
107,107
5655,5655
8567,8567
1279,1279
2790,2790
1729,1729
1999,1999
8282,8282
3239,3239
7117,7117
5002,5002
3303,3303
3013,3013
6801,6801
2063,2063
2390,2390
5404,5404
4507,4507
8157,8157
5285,5285
7598,7598
9379,9379
4665,4665
8894,8894
1468,1468
7728,7728
3446,3446
6419,6419
4913,4913
944,944
422,422
8062,8062
7876,7876
6780,6780
895,895
7050,7050
1484,1484
8198,8198
8405,8405
6413,6413
4287,4287
4124,4124
5955,5955
7307,7307
6963,6963
8384,8384
5428,5428
145,145
4114,4114
9639,9639
7486,7486
3457,3457
9164,9164
2245,2245
7490,7490
7586,7586
5246,5246
3722,3722
3601,3601
7329,7329
9724,9724
1860,1860
4736,4736
5410,5410
5698,5698
3691,3691
6485,6485
2784,2784
2135,2135
4076,4076
2079,2079
4533,4533
3185,3185
6935,6935
4700,4700
5335,5335
1912,1912
3492,3492
8227,8227
3684,3684
3993,3993
4962,4962
423,423
7280,7280
7977,7977
7478,7478
7810,7810
326,326
5397,5397
3615,3615
6389,6389
7077,7077
3535,3535
7716,7716
187,187
4609,4609
9468,9468
3184,3184
9641,9641
5441,5441
6321,6321
8627,8627
4497,4497
1465,1465
5623,5623
985,985
4901,4901
2907,2907
8814,8814
2124,2124
96,96
6199,6199
4075,4075
2744,2744
4903,4903
8434,8434
2806,2806
9383,9383
8027,8027
8899,8899
7168,7168
8548,8548
7567,7567
9238,9238
3714,3714
7422,7422
4421,4421
149,149
998,998
5953,5953
7444,7444
1515,1515
5718,5718
2554,2554
9831,9831
1195,1195
9564,9564
6053,6053
2666,2666
6777,6777
6797,6797
5469,5469
6604,6604
1417,1417
8420,8420
4855,4855
6743,6743
914,914
4236,4236
1705,1705
7740,7740
476,476
1518,1518
7771,7771
4586,4586
792,792
3394,3394
7764,7764
1678,1678
1871,1871
5746,5746
2867,2867
7893,7893
6629,6629
8513,8513
2329,2329
8411,8411
3092,3092
1488,1488
8287,8287
3749,3749
2966,2966
868,868
8938,8938
4051,4051
7090,7090
7882,7882
1922,1922
6123,6123
1153,1153
8635,8635
3439,3439
1094,1094
713,713
7568,7568
8260,8260
6606,6606
9400,9400
3085,3085
1947,1947
5640,5640
2400,2400
5628,5628
2721,2721
3698,3698
5821,5821
1206,1206
2160,2160
2782,2782
5013,5013
3232,3232
9300,9300
2409,2409
1179,1179
9189,9189
8279,8279
6104,6104
1175,1175
662,662
1271,1271
6221,6221
6680,6680
1310,1310
2100,2100
3296,3296
2306,2306
9459,9459
5739,5739
4486,4486
6718,6718
2673,2673
2842,2842
9106,9106
3001,3001
2133,2133
4319,4319
5960,5960
7190,7190
8427,8427
2127,2127
4470,4470
2752,2752
6669,6669
2214,2214
6184,6184
4958,4958
114,114
3751,3751
3237,3237
2452,2452
5422,5422
2385,2385
2008,2008
6988,6988
3298,3298
3791,3791
3300,3300
8912,8912
6279,6279
2454,2454
9834,9834
8170,8170
9150,9150
7612,7612
842,842
5584,5584
1856,1856
8208,8208
4750,4750
332,332
9095,9095
9045,9045
8583,8583
201,201
9750,9750
9024,9024
5766,5766
6764,6764
9692,9692
1617,1617
5039,5039
3214,3214
1099,1099
3718,3718
834,834
6733,6733
960,960
7058,7058
6436,6436
9148,9148
7113,7113
9965,9965
1633,1633
3231,3231
7069,7069
6463,6463
1032,1032
9399,9399
5692,5692
8389,8389
9913,9913
8343,8343
4510,4510
6202,6202
1394,1394
9115,9115
178,178
8759,8759
2399,2399
8976,8976
3301,3301
9172,9172
372,372
2947,2947
15,15
8615,8615
8463,8463
392,392
307,307
8770,8770
8873,8873
3897,3897
9513,9513
4810,4810
3141,3141
2796,2796
7956,7956
4803,4803
2856,2856
7214,7214
5325,5325
3673,3673
9447,9447
8528,8528
8004,8004
8849,8849
9869,9869
9533,9533
2386,2386
2677,2677
1541,1541
4058,4058
1760,1760
4726,4726
3709,3709
2192,2192
8800,8800
3333,3333
9895,9895
1495,1495
1743,1743
6453,6453
5101,5101
8454,8454
9146,9146
1898,1898
2830,2830
7046,7046
3585,3585
3961,3961
8202,8202
4061,4061
912,912
6101,6101
4786,4786
2335,2335
6807,6807
5589,5589
3431,3431
2647,2647
1713,1713
4350,4350
5132,5132
4646,4646
2361,2361
9435,9435
8631,8631
9496,9496
413,413
7129,7129
575,575
4276,4276
4170,4170
3177,3177
4799,4799
9881,9881
9287,9287
9542,9542
5941,5941
3011,3011
8743,8743
8698,8698
9823,9823
4722,4722
1239,1239
1113,1113
342,342
3058,3058
4724,4724
7333,7333
28,28
3840,3840
8993,8993
3914,3914
2086,2086
716,716
7784,7784
1767,1767
434,434
2608,2608
7074,7074
9131,9131
1150,1150
9009,9009
5135,5135
305,305
2912,2912
4942,4942
9104,9104
7824,7824
8467,8467
8002,8002
8733,8733
4365,4365
3293,3293
2943,2943
5997,5997
8242,8242
1965,1965
4765,4765
6745,6745
9851,9851
3645,3645
3032,3032
2839,2839
7513,7513
5707,5707
3532,3532
2210,2210
3609,3609
5906,5906
3717,3717
1022,1022
1095,1095
37,37
1644,1644
1193,1193
7990,7990
7146,7146
438,438
110,110
2766,2766
1320,1320
5276,5276
5927,5927
2983,2983
3495,3495
5952,5952
5811,5811
8394,8394
81,81
9615,9615
2345,2345
2518,2518
2934,2934
1796,1796
1897,1897
497,497
2308,2308
5517,5517
3367,3367
4727,4727
5048,5048
3610,3610
1505,1505
2443,2443
898,898
1234,1234
7088,7088
8907,8907
4642,4642
6549,6549
1171,1171
5658,5658
9734,9734
181,181
5414,5414
5703,5703
5757,5757
7668,7668
331,331
16,16
313,313
2460,2460
1960,1960
8967,8967
6074,6074
9356,9356
4866,4866
9026,9026
1188,1188
6776,6776
91,91
8089,8089
7044,7044
4872,4872
4004,4004
158,158
8468,8468
9068,9068
6731,6731
4622,4622
1290,1290
1008,1008
6542,6542
3612,3612
8330,8330
8190,8190
7821,7821
7327,7327
4950,4950
5855,5855
7310,7310
2684,2684
9165,9165
2504,2504
2278,2278
387,387
879,879
1340,1340
5759,5759
3927,3927
4357,4357
6692,6692
830,830
3112,3112
6960,6960
2990,2990
9128,9128
6234,6234
186,186
9981,9981
5355,5355
8687,8687
6527,6527
9007,9007
1746,1746
5574,5574
5329,5329
9857,9857
5987,5987
9265,9265
9568,9568
5008,5008
2451,2451
319,319
790,790
9701,9701
8709,8709
5767,5767
3603,3603
9702,9702
8422,8422
7921,7921
7666,7666
4439,4439
8081,8081
2860,2860
8296,8296
7140,7140
6206,6206
83,83
6055,6055
9863,9863
6364,6364
4206,4206
5164,5164
742,742
1798,1798
1445,1445
3445,3445
3281,3281
7852,7852
2382,2382
4625,4625
1580,1580
2067,2067
3086,3086
89,89
3189,3189
4582,4582
5126,5126
2921,2921
8892,8892
3307,3307
7071,7071
7786,7786
6465,6465
457,457
1215,1215
7462,7462
6824,6824
1434,1434
1966,1966
7212,7212
8048,8048
3067,3067
24,24
2580,2580
5618,5618
7863,7863
9943,9943
9314,9314
1977,1977
824,824
8378,8378
6673,6673
1773,1773
4801,4801
4028,4028
7230,7230
2162,2162
6934,6934
4277,4277
9478,9478
1065,1065
9392,9392
7962,7962
7582,7582
9729,9729
1464,1464
2439,2439
6894,6894
4977,4977
800,800
3311,3311
432,432
5957,5957
5831,5831
8249,8249
3320,3320
677,677
878,878
7838,7838
7086,7086
2048,2048
7547,7547
249,249
13,13
7511,7511
9326,9326
8942,8942
7014,7014
4676,4676
1101,1101
4588,4588
6490,6490
4838,4838
6269,6269
5379,5379
9574,9574
5854,5854
8477,8477
3604,3604
2253,2253
3843,3843
8517,8517
2317,2317
5430,5430
4169,4169
8817,8817
2728,2728
8527,8527
475,475
8295,8295
2125,2125
7792,7792
1309,1309
3729,3729
9249,9249
5228,5228
8276,8276
2689,2689
4791,4791
929,929
1441,1441
3757,3757
5616,5616
3256,3256
5124,5124
2080,2080
6048,6048
1115,1115
3711,3711
2969,2969
6932,6932
9996,9996
1806,1806
970,970
8246,8246
5720,5720
2288,2288
7407,7407
3657,3657
4102,4102
3471,3471
231,231
157,157
3345,3345
6411,6411
8127,8127
3378,3378
2739,2739
7756,7756
6247,6247
5542,5542
8983,8983
480,480
8061,8061
8064,8064
4939,4939
82,82
7103,7103
3871,3871
1914,1914
5815,5815
3600,3600
35,35
8697,8697
1352,1352
183,183
5408,5408
5556,5556
8033,8033
9424,9424
7034,7034
3113,3113
9449,9449
4314,4314
4092,4092
2310,2310
3063,3063
1334,1334
2578,2578
2884,2884
5760,5760
8379,8379
5265,5265
3264,3264
7596,7596
2713,2713
9665,9665
4174,4174
6174,6174
2679,2679
942,942
314,314
5897,5897
9619,9619
8111,8111
1252,1252
4874,4874
7545,7545
2709,2709
2729,2729
4578,4578
6189,6189
5671,5671
8505,8505
599,599
2555,2555
5563,5563
2519,2519
8491,8491
1416,1416
6483,6483
6417,6417
473,473
5481,5481
6734,6734
9681,9681
2549,2549
8357,8357
8736,8736
5078,5078
9035,9035
816,816
5541,5541
6347,6347
2579,2579
4500,4500
5867,5867
940,940
3992,3992
4120,4120
4895,4895
306,306
5270,5270
2096,2096
1425,1425
2687,2687
7010,7010
585,585
8701,8701
9880,9880
2589,2589
3695,3695
184,184
2033,2033
1782,1782
9386,9386
5437,5437
9526,9526
7660,7660
4580,4580
2002,2002
4953,4953
7848,7848
6214,6214
3355,3355
6595,6595
591,591
5261,5261
5199,5199
7861,7861
1586,1586
1595,1595
9247,9247
6524,6524
6949,6949
2506,2506
6000,6000
3707,3707
1646,1646
1625,1625
1696,1696
7996,7996
8882,8882
3028,3028
5120,5120
7267,7267
2044,2044
6401,6401
2545,2545
8119,8119
3476,3476
4246,4246
3398,3398
4789,4789
166,166
5260,5260
2700,2700
9722,9722
6756,6756
776,776
7738,7738
4217,4217
4763,4763
6937,6937
1768,1768
1496,1496
5241,5241
6762,6762
9937,9937
9149,9149
3640,3640
5918,5918
2171,2171
2448,2448
1724,1724
9200,9200
2881,2881
1691,1691
1084,1084
6179,6179
1634,1634
1718,1718
4393,4393
5679,5679
9970,9970
1851,1851
4937,4937
6962,6962
2234,2234
4016,4016
1822,1822
7834,7834
8651,8651
4331,4331
3135,3135
2061,2061
1387,1387
1858,1858
4574,4574
6187,6187
5886,5886
1405,1405
5088,5088
8160,8160
2952,2952
5306,5306
4883,4883
2254,2254
8552,8552
5907,5907
1537,1537
5621,5621
6540,6540
3496,3496
3970,3970
1976,1976
5319,5319
8961,8961
5810,5810
656,656
3267,3267
9875,9875
6,6
7438,7438
8098,8098
1628,1628
4045,4045
2411,2411
1241,1241
4843,4843
2686,2686
1557,1557
5649,5649
6064,6064
4930,4930
6472,6472
3325,3325
3531,3531
1993,1993
2442,2442
283,283
4785,4785
7931,7931
2690,2690
4836,4836
5785,5785
7226,7226
9975,9975
4758,4758
8850,8850
2200,2200
7384,7384
2290,2290
1591,1591
380,380
7683,7683
9766,9766
214,214
5456,5456
3630,3630
1031,1031
7211,7211
224,224
7004,7004
4213,4213
2846,2846
3518,3518
7735,7735
2837,2837
6026,6026
6664,6664
7537,7537
155,155
2206,2206
2583,2583
8381,8381
3841,3841
280,280
7217,7217
1339,1339
2768,2768
4633,4633
446,446
989,989
5917,5917
6068,6068
2807,2807
2277,2277
7839,7839
6381,6381
1854,1854
761,761
3022,3022
9908,9908
5565,5565
540,540
8749,8749
4900,4900
6662,6662
787,787
5840,5840
7252,7252
7505,7505
1594,1594
4343,4343
9132,9132
3910,3910
1776,1776
1460,1460
9060,9060
170,170
9679,9679
3318,3318
2533,2533
2104,2104
1096,1096
4934,4934
3025,3025
4760,4760
9142,9142
6742,6742
3130,3130
9497,9497
3988,3988
75,75
1305,1305
5220,5220
7291,7291
2464,2464
3458,3458
4158,4158
7742,7742
5838,5838
8978,8978
4134,4134
3162,3162
1506,1506
7249,7249
2906,2906
3613,3613
7744,7744
6706,6706
4729,4729
2716,2716
728,728
6255,6255
486,486
9099,9099
5080,5080
9653,9653
5501,5501
9234,9234
3270,3270
1529,1529
6236,6236
3037,3037
3426,3426
5662,5662
5440,5440
4072,4072
5432,5432
2379,2379
851,851
4466,4466
9610,9610
1571,1571
7450,7450
5547,5547
859,859
2075,2075
4974,4974
3258,3258
1986,1986
2785,2785
3400,3400
9365,9365
4050,4050
9118,9118
4356,4356
3191,3191
5503,5503
8692,8692
4770,4770
7320,7320
4831,4831
5094,5094
8210,8210
2201,2201
9890,9890
8715,8715
8714,8714
8605,8605
9166,9166
2065,2065
6907,6907
5674,5674
4237,4237
2706,2706
7853,7853
9473,9473
8466,8466
2702,2702
215,215
1971,1971
2929,2929
1748,1748
8404,8404
7519,7519
9602,9602
9534,9534
2467,2467
4762,4762
4444,4444
1256,1256
1146,1146
2022,2022
804,804
9156,9156
8163,8163
3510,3510
9076,9076
5327,5327
2570,2570
5174,5174
3129,3129
2939,2939
8753,8753
8456,8456
8369,8369
1924,1924
657,657
9560,9560
3449,3449
4833,4833
1531,1531
2567,2567
2136,2136
6783,6783
8235,8235
9682,9682
5061,5061
3611,3611
5630,5630
4149,4149
2331,2331
2754,2754
8361,8361
2466,2466
1213,1213
6250,6250
9633,9633
2392,2392
921,921
5076,5076
1556,1556
7021,7021
9614,9614
8191,8191
2720,2720
8629,8629
53,53
1987,1987
4747,4747
8777,8777
7643,7643
2453,2453
5409,5409
6274,6274
626,626
3876,3876
1238,1238
3081,3081
6787,6787
8426,8426
104,104
8042,8042
7229,7229
5925,5925
3797,3797
3310,3310
9983,9983
2749,2749
1323,1323
8026,8026
233,233
8691,8691
2236,2236
3478,3478
7054,7054
6312,6312
9803,9803
5944,5944
5699,5699
6149,6149
2389,2389
9038,9038
5887,5887
3479,3479
463,463
7895,7895
9455,9455
312,312
4648,4648
9743,9743
4814,4814
9807,9807
1482,1482
3131,3131
7133,7133
2774,2774
6145,6145
9162,9162
9749,9749
6209,6209
3090,3090
409,409
5666,5666
9955,9955
4850,4850
8261,8261
3073,3073
3035,3035
9618,9618
5970,5970
4513,4513
8699,8699
8875,8875
6229,6229
411,411
2591,2591
3680,3680
874,874
6772,6772
7780,7780
9283,9283
121,121
3116,3116
6847,6847
3481,3481
7833,7833
7514,7514
2959,2959
4099,4099
202,202
2350,2350
8251,8251
5818,5818
9585,9585
4377,4377
937,937
5716,5716
8363,8363
1354,1354
2764,2764
3332,3332
6841,6841
4995,4995
7799,7799
7693,7693
3889,3889
8587,8587
9576,9576
32,32
6063,6063
9733,9733
6795,6795
3629,3629
3681,3681
8991,8991
8848,8848
7419,7419
8989,8989
918,918
875,875
5535,5535
7933,7933
9229,9229
4764,4764
8030,8030
3760,3760
6430,6430
1135,1135
1301,1301
9402,9402
7254,7254
3107,3107
1490,1490
8968,8968
629,629
484,484
4103,4103
4775,4775
9409,9409
8237,8237
8572,8572
3663,3663
1725,1725
2797,2797
5454,5454
1197,1197
6897,6897
1442,1442
9860,9860
885,885
9464,9464
9811,9811
9321,9321
3484,3484
8544,8544
5003,5003
4972,4972
3212,3212
3117,3117
7287,7287
5717,5717
8106,8106
8896,8896
1349,1349
151,151
3002,3002
9157,9157
4205,4205
7581,7581
6151,6151
6156,6156
6652,6652
2155,2155
5800,5800
1389,1389
7048,7048
80,80
9892,9892
7019,7019
7235,7235
5022,5022
8139,8139
7752,7752
4805,4805
1550,1550
3415,3415
5423,5423
2995,2995
1411,1411
2481,2481
445,445
693,693
7579,7579
8509,8509
4495,4495
3926,3926
8801,8801
9651,9651
5835,5835
1682,1682
8155,8155
7057,7057
1711,1711
4878,4878
6700,6700
5947,5947
6263,6263
245,245
560,560
8501,8501
7916,7916
3728,3728
7145,7145
6914,6914
5267,5267
3794,3794
3901,3901
5158,5158
8672,8672
538,538
1930,1930
3450,3450
7746,7746
1807,1807
9606,9606
8808,8808
7608,7608
5803,5803
9777,9777
2894,2894
2043,2043
7979,7979
4798,4798
6931,6931
2298,2298
8711,8711
5204,5204
8813,8813
6372,6372
287,287
9554,9554
3546,3546
4154,4154
7510,7510
4182,4182
2430,2430
3761,3761
3764,3764
9571,9571
77,77
192,192
9852,9852
7620,7620
8101,8101
3661,3661
9726,9726
6911,6911
415,415
6349,6349
7199,7199
4496,4496
5879,5879
3418,3418
3799,3799
7207,7207
568,568
774,774
9154,9154
6778,6778
6987,6987
2540,2540
6257,6257
4225,4225
959,959
2364,2364
8934,8934
429,429
6568,6568
5817,5817
6596,6596
7456,7456
3672,3672
7857,7857
3650,3650
495,495
6016,6016
6839,6839
705,705
8024,8024
8534,8534
6212,6212
1667,1667
7610,7610
3805,3805
7353,7353
7123,7123
7194,7194
7515,7515
3061,3061
8952,8952
3168,3168
335,335
243,243
142,142
6623,6623
6704,6704
2536,2536
4628,4628
6538,6538
9728,9728
6799,6799
3452,3452
4376,4376
674,674
4195,4195
9994,9994
6137,6137
783,783
9847,9847
6186,6186
3208,3208
2601,2601
8626,8626
6059,6059
1266,1266
2176,2176
7445,7445
1470,1470
7658,7658
4570,4570
6550,6550
6340,6340
7638,7638
1880,1880
1857,1857
9423,9423
2916,2916
3344,3344
5976,5976
4368,4368
3827,3827
8475,8475
2144,2144
8864,8864
8022,8022
6066,6066
4978,4978
2,2
3406,3406
7600,7600
4694,4694
9772,9772
7972,7972
6062,6062
1296,1296
9795,9795
2021,2021
4918,4918
2898,2898
8461,8461
992,992
7606,7606
3545,3545
7950,7950
7847,7847
841,841
714,714
5889,5889
5669,5669
5646,5646
6287,6287
425,425
4101,4101
5774,5774
7631,7631
87,87
876,876
7082,7082
8915,8915
4289,4289
2978,2978
6862,6862
1903,1903
7843,7843
9699,9699
6920,6920
9931,9931
3853,3853
5156,5156
6352,6352
6509,6509
2174,2174
5035,5035
6815,6815
103,103
1941,1941
7005,7005
4841,4841
271,271
4478,4478
5345,5345
2139,2139
6741,6741
2262,2262
4526,4526
590,590
3633,3633
9039,9039
1825,1825
4310,4310
5725,5725
7231,7231
4601,4601
7597,7597
9053,9053
1458,1458
838,838
2840,2840
6825,6825
8339,8339
7222,7222
4999,4999
5248,5248
3849,3849
7832,7832
6337,6337
1925,1925
5740,5740
518,518
8395,8395
1523,1523
4767,4767
8911,8911
5920,5920
5962,5962
9695,9695
6161,6161
7220,7220
5516,5516
6205,6205
1954,1954
2115,2115
9517,9517
7102,7102
7541,7541
3975,3975
6721,6721
5581,5581
1497,1497
9057,9057
6611,6611
2590,2590
1944,1944
9458,9458
541,541
526,526
7464,7464
8143,8143
9543,9543
8496,8496
9783,9783
7741,7741
5769,5769
9929,9929
8039,8039
8100,8100
3506,3506
8960,8960
7375,7375
9563,9563
884,884
5302,5302
3934,3934
8885,8885
1727,1727
8779,8779
6832,6832
7020,7020
2626,2626
7341,7341
532,532
7696,7696
749,749
9545,9545
2336,2336
2515,2515
2513,2513
7926,7926
1332,1332
1820,1820
7889,7889
8919,8919
5338,5338
3973,3973
4353,4353
2495,2495
7165,7165
709,709
1509,1509
8255,8255
7335,7335
1998,1998
6902,6902
4383,4383
1692,1692
9505,9505
5041,5041
7566,7566
8764,8764
5064,5064
5151,5151
5827,5827
6617,6617
2407,2407
9033,9033
7334,7334
4969,4969
7002,7002
3674,3674
8304,8304
1624,1624
4417,4417
8554,8554
7958,7958
1413,1413
6906,6906
1060,1060
4655,4655
3215,3215
208,208
4447,4447
225,225
2319,2319
7239,7239
2493,2493
6671,6671
8673,8673
5534,5534
4793,4793
6602,6602
4262,4262
8315,8315
9813,9813
4018,4018
4771,4771
966,966
3336,3336
8344,8344
9519,9519
4255,4255
1191,1191
125,125
8070,8070
1225,1225
3804,3804
6201,6201
6506,6506
8109,8109
907,907
2871,2871
2968,2968
6294,6294
6084,6084
1192,1192
2941,2941
7361,7361
2657,2657
465,465
9215,9215
4780,4780
2572,2572
604,604
9051,9051
3321,3321
1491,1491
7543,7543
5451,5451
62,62
6826,6826
9512,9512
6060,6060
2294,2294
8020,8020
8660,8660
2211,2211
2991,2991
9684,9684
3373,3373
6146,6146
5252,5252
362,362
1754,1754
6412,6412
5453,5453
2246,2246
5038,5038
2669,2669
1568,1568
1585,1585
6404,6404
2825,2825
4257,4257
6293,6293
5966,5966
1937,1937
3009,3009
2005,2005
7736,7736
3393,3393
9205,9205
8254,8254
6889,6889
671,671
4424,4424
6015,6015
2935,2935
3254,3254
9107,9107
8928,8928
7124,7124
4372,4372
7988,7988
9503,9503
2480,2480
6698,6698
9190,9190
3077,3077
635,635
8945,8945
4871,4871
4405,4405
3160,3160
8281,8281
5458,5458
524,524
8193,8193
1551,1551
3894,3894
2003,2003
9971,9971
6975,6975
3216,3216
7161,7161
1144,1144
9799,9799
3658,3658
4251,4251
2280,2280
4817,4817
4870,4870
7851,7851
7539,7539
6073,6073
8703,8703
3075,3075
9134,9134
4499,4499
720,720
5051,5051
8678,8678
190,190
4258,4258
2084,2084
5994,5994
1583,1583
1982,1982
4894,4894
2349,2349
3908,3908
7483,7483
5467,5467
6861,6861
2639,2639
6998,6998
3602,3602
9366,9366
6162,6162
3503,3503
3016,3016
1717,1717
9705,9705
8625,8625
1783,1783
419,419
5762,5762
4474,4474
3041,3041
2923,2923
565,565
5562,5562
4746,4746
1000,1000
2264,2264
1906,1906
8549,8549
8990,8990
2876,2876
7775,7775
9548,9548
6770,6770
5290,5290
4014,4014
6628,6628
6251,6251
8500,8500
2028,2028
607,607
7108,7108
2077,2077
1363,1363
9827,9827
5945,5945
5872,5872
3401,3401
4026,4026
385,385
5071,5071
6124,6124
1889,1889
9290,9290
6686,6686
2922,2922
9481,9481
6379,6379
535,535
4086,4086
7800,7800
9842,9842
3118,3118
1901,1901
6880,6880
4381,4381
1038,1038
1169,1169
7187,7187
6139,6139
66,66
8494,8494
4142,4142
5508,5508
2381,2381
2775,2775
3881,3881
7403,7403
4520,4520
136,136
7169,7169
7009,7009
3999,3999
9025,9025
1102,1102
5522,5522
8618,8618
8415,8415
4220,4220
2692,2692
9924,9924
4436,4436
769,769
8167,8167
5100,5100
9492,9492
805,805
911,911
8298,8298
2503,2503
9776,9776
6758,6758
5856,5856
5726,5726
6838,6838
6970,6970
8122,8122
2855,2855
5733,5733
5372,5372
4074,4074
4301,4301
5268,5268
7971,7971
563,563
5179,5179
78,78
613,613
1395,1395
3665,3665
6586,6586
2424,2424
2183,2183
1567,1567
5527,5527
9174,9174
809,809
5790,5790
5112,5112
7269,7269
7138,7138
2287,2287
6324,6324
2810,2810
3050,3050
1990,1990
2017,2017
8113,8113
6283,6283
1106,1106
5169,5169
972,972
8017,8017
2151,2151
6523,6523
6613,6613
4375,4375
2250,2250
2166,2166
3005,3005
4463,4463
3792,3792
7753,7753
5727,5727
7787,7787
4329,4329
1832,1832
20,20
5691,5691
7376,7376
499,499
6207,6207
4889,4889
4394,4394
1298,1298
8060,8060
1538,1538
1090,1090
8264,8264
6058,6058
9256,9256
6592,6592
2208,2208
9140,9140
229,229
7560,7560
4515,4515
3844,3844
564,564
9770,9770
8368,8368
4221,4221
825,825
4303,4303
6679,6679
9742,9742
2120,2120
9335,9335
8568,8568
5093,5093
6390,6390
4379,4379
530,530
5610,5610
6082,6082
6717,6717
9928,9928
8730,8730
9891,9891
7685,7685
660,660
4387,4387
5313,5313
6268,6268
8592,8592
9430,9430
2592,2592
1627,1627
7673,7673
8536,8536
2598,2598
6966,6966
3931,3931
2953,2953
5948,5948
3246,3246
6923,6923
6311,6311
6451,6451
2738,2738
782,782
8931,8931
2668,2668
9838,9838
7012,7012
6677,6677
3596,3596
8221,8221
7205,7205
2300,2300
831,831
8387,8387
5034,5034
1408,1408
5780,5780
3523,3523
7366,7366
2016,2016
2671,2671
6265,6265
9049,9049
4117,4117
4090,4090
2128,2128
7271,7271
9465,9465
5568,5568
8576,8576
927,927
1336,1336
7711,7711
2438,2438
2417,2417
7679,7679
4448,4448
4756,4756
9904,9904
1895,1895
4778,4778
4717,4717
5663,5663
7709,7709
2180,2180
9720,9720
7550,7550
478,478
6808,6808
7729,7729
9874,9874
6882,6882
9291,9291
8428,8428
2304,2304
5612,5612
6848,6848
4367,4367
4347,4347
6304,6304
8086,8086
8418,8418
8523,8523
7326,7326
2074,2074
6614,6614
3273,3273
1304,1304
3389,3389
1923,1923
1283,1283
9986,9986
4431,4431
1251,1251
7500,7500
5651,5651
2975,2975
9453,9453
9377,9377
5819,5819
5617,5617
4131,4131
4109,4109
9438,9438
9031,9031
5636,5636
2650,2650
5396,5396
4645,4645
8803,8803
4991,4991
1105,1105
8825,8825
2393,2393
8474,8474
6947,6947
6598,6598
8142,8142
479,479
3368,3368
6757,6757
853,853
8284,8284
4873,4873
9207,9207
9674,9674
8913,8913
932,932
3726,3726
8655,8655
3148,3148
9177,9177
3619,3619
5211,5211
928,928
8207,8207
5001,5001
1872,1872
2670,2670
9434,9434
3428,3428
724,724
6858,6858
4982,4982
5714,5714
6690,6690
5216,5216
8088,8088
4619,4619
8521,8521
8533,8533
5626,5626
7079,7079
3266,3266
7359,7359
1602,1602
8197,8197
3438,3438
3847,3847
7868,7868
128,128
1931,1931
5667,5667
6875,6875
7016,7016
236,236
1176,1176
1800,1800
1418,1418
8286,8286
9839,9839
2375,2375
9914,9914
8412,8412
9581,9581
3424,3424
4040,4040
4865,4865
9529,9529
31,31
615,615
4530,4530
8643,8643
2413,2413
5998,5998
8746,8746
3767,3767
3134,3134
7139,7139
2682,2682
9688,9688
3137,3137
5090,5090
7148,7148
7641,7641
8499,8499
3834,3834
2337,2337
3027,3027
3153,3153
3956,3956
759,759
5133,5133
7466,7466
4187,4187
7015,7015
8880,8880
3750,3750
5159,5159
7649,7649
821,821
8570,8570
2809,2809
2812,2812
8280,8280
2725,2725
4198,4198
5104,5104
9626,9626
6290,6290
5940,5940
7198,7198
4721,4721
6816,6816
3811,3811
8603,8603
6666,6666
2986,2986
2068,2068
1430,1430
285,285
6802,6802
9504,9504
7200,7200
6225,6225
691,691
785,785
8498,8498
6631,6631
6609,6609
5271,5271
1892,1892
1379,1379
9575,9575
4993,4993
1812,1812
5086,5086
4518,4518
1424,1424
1493,1493
5004,5004
8923,8923
4155,4155
4505,4505
9773,9773
3759,3759
54,54
9949,9949
3099,3099
6635,6635
14,14
1599,1599
6634,6634
4932,4932
4214,4214
8939,8939
4681,4681
4860,4860
4853,4853
6651,6651
2888,2888
302,302
4916,4916
1262,1262
6876,6876
7095,7095
7678,7678
5472,5472
8097,8097
5880,5880
3247,3247
6024,6024
5796,5796
4403,4403
9909,9909
9013,9013
297,297
3003,3003
1409,1409
7497,7497
6533,6533
6853,6853
8087,8087
6322,6322
6977,6977
6050,6050
4456,4456
9005,9005
6560,6560
9139,9139
5680,5680
552,552
6712,6712
2643,2643
9344,9344
3677,3677
156,156
9371,9371
8292,8292
4410,4410
325,325
5539,5539
8453,8453
3862,3862
9372,9372
1601,1601
2289,2289
5721,5721
2225,2225
1613,1613
5868,5868
3925,3925
6396,6396
5389,5389
9367,9367
9893,9893
5308,5308
2908,2908
6038,6038
453,453
7860,7860
8102,8102
2997,2997
9175,9175
4494,4494
5577,5577
984,984
3369,3369
9474,9474
1549,1549
3493,3493
9644,9644
996,996
6310,6310
2163,2163
4680,4680
1984,1984
5188,5188
4637,4637
4629,4629
7842,7842
8391,8391
7675,7675
6090,6090
4985,4985
9346,9346
6672,6672
386,386
1747,1747
5203,5203
4864,4864
829,829
943,943
3958,3958
3590,3590
4571,4571
5582,5582
6737,6737
5,5
9303,9303
3312,3312
4748,4748
209,209
1547,1547
7562,7562
6191,6191
29,29
6885,6885
2415,2415
1735,1735
5883,5883
4549,4549
5795,5795
1450,1450
3186,3186
2398,2398
7532,7532
894,894
9105,9105
6986,6986
5787,5787
356,356
4512,4512
8486,8486
5946,5946
7285,7285
2040,2040
4324,4324
1878,1878
6656,6656
4641,4641
4501,4501
8278,8278
5030,5030
739,739
6674,6674
905,905
7903,7903
666,666
9590,9590
9792,9792
2705,2705
2058,2058
3165,3165
8440,8440
1005,1005
455,455
9550,9550
6771,6771
4457,4457
5605,5605
7624,7624
6314,6314
795,795
6469,6469
5150,5150
8685,8685
1269,1269
5186,5186
1645,1645
4980,4980
1498,1498
2724,2724
5748,5748
971,971
8352,8352
9058,9058
9589,9589
901,901
2654,2654
2862,2862
1902,1902
7485,7485
1335,1335
7779,7779
8728,8728
7398,7398
8124,8124
8432,8432
3276,3276
6180,6180
8616,8616
852,852
488,488
1597,1597
1092,1092
1474,1474
1759,1759
1668,1668
6702,6702
897,897
4385,4385
1410,1410
2368,2368
9216,9216
1205,1205
676,676
638,638
5058,5058
269,269
8209,8209
3356,3356
7936,7936
2122,2122
8289,8289
7700,7700
489,489
2338,2338
9997,9997
1331,1331
7527,7527
9846,9846
1201,1201
6819,6819
9771,9771
8025,8025
311,311
5234,5234
2635,2635
4945,4945
2755,2755
8633,8633
5625,5625
5146,5146
60,60
1955,1955
1210,1210
1235,1235
2247,2247
3986,3986
8862,8862
1403,1403
6645,6645
3380,3380
9521,9521
2197,2197
3854,3854
2168,2168
745,745
7006,7006
4209,4209
1167,1167
1562,1562
2781,2781
7879,7879
7627,7627
1766,1766
839,839
9768,9768
4132,4132
3226,3226
2283,2283
2982,2982
395,395
7128,7128
1155,1155
6774,6774
3010,3010
2369,2369
2240,2240
8515,8515
5361,5361
9580,9580
9902,9902
7489,7489
4053,4053
5301,5301
880,880
2281,2281
4341,4341
2341,2341
5594,5594
6957,6957
85,85
941,941
7556,7556
2333,2333
7215,7215
3483,3483
5702,5702
5336,5336
2313,2313
9760,9760
808,808
3465,3465
6235,6235
8957,8957
4503,4503
10,10
2694,2694
2099,2099
4719,4719
2284,2284
4455,4455
1173,1173
1620,1620
144,144
6517,6517
869,869
1002,1002
4313,4313
3525,3525
1471,1471
228,228
4336,4336
9594,9594
5474,5474
1939,1939
6857,6857
1630,1630
9486,9486
3456,3456
6233,6233
117,117
4479,4479
8232,8232
6581,6581
7965,7965
4774,4774
5412,5412
7802,7802
4575,4575
1365,1365
2629,2629
9956,9956
6302,6302
9655,9655
1199,1199
4998,4998
8470,8470
4152,4152
9125,9125
2316,2316
5560,5560
1661,1661
3315,3315
4024,4024
6204,6204
8877,8877
9368,9368
9989,9989
8563,8563
9531,9531
9223,9223
112,112
4579,4579
5350,5350
8079,8079
2232,2232
8950,8950
7289,7289
8755,8755
241,241
3706,3706
7250,7250
3202,3202
1011,1011
7891,7891
5598,5598
6228,6228
1802,1802
6079,6079
8729,8729
2098,2098
9282,9282
6427,6427
1034,1034
7549,7549
3758,3758
7378,7378
2722,2722
2516,2516
8694,8694
5619,5619
3774,3774
6510,6510
7180,7180
4346,4346
7900,7900
8677,8677
5836,5836
9067,9067
2296,2296
73,73
5162,5162
223,223
1829,1829
1064,1064
5732,5732
9347,9347
7272,7272
4561,4561
9826,9826
3038,3038
7379,7379
6157,6157
3349,3349
3584,3584
